"audio_id","clip_key","locale","language_version","stage","role","speech_or_sfx","participant_facing","active_runtime","experiment_placement","gating_and_timing","runtime_hook_or_log_marker","package_asset_or_resource","runtime_asset_path","runtime_asset_sha256","registry","registry_audio_path","registry_sha256","source_path_or_provenance","duration_ms","observed_duration_ms","target_duration_ms","duration_match_required","translation_policy","background_stem_id","original_english_wording","current_locale_script_or_wording","observed_transcript","back_translation_en","transcript_or_script_path","elevenlabs_provider","elevenlabs_voice_id","elevenlabs_model_id","elevenlabs_language_code","elevenlabs_output_format","generation_status","generated_at","synthesis_or_maintenance_note","source_reference"
"aud_0100","condition_1_instruction_mix","en-US","English source/fallback","condition_1","condition_1_instruction_mix","speech","yes","yes","Condition 1. The 3D Big Red Button is visible and controller-contact pressing is active for the full instruction track.","Condition clock and ECG window are anchored immediately before MediaPlayer.start(); exact duration is part of export validation.","openConditionAudioAsset(AUDIO_ID_CONDITION_1, CONDITION_1_AUDIO); BRB_CONDITION_START condition=1","assets/localized/en_us/aud_0100_condition_1_instructions__en_us.mp3","../audio-assets/localized/en_us/aud_0100_condition_1_instructions__en_us.mp3","A3767727AE935BE2455282F52C4765833DA9C04F95EDA81BA0354C7E1CE4F0C6","../audio-assets/localized/manifest.json > assets.aud_0100.locales.en-US","../audio-assets/localized/en_us/aud_0100_condition_1_instructions__en_us.mp3","A3767727AE935BE2455282F52C4765833DA9C04F95EDA81BA0354C7E1CE4F0C6","../audio-assets/final/first-big-red-button-vr-study-instructions-final.mp3","300774","","300774","yes","humor_localize_instruction_preserve","backgroundMusic","Hello and welcome. Thank you for being here. You are doing wonderfully already. There is nothing you need to prove. Nothing you need to achieve. You can simply be here, and that is enough. In this room, you are allowed to take your time, all the time you need. And if at any point you would like to, you may press the big red button, only if you want to of course. There is absolutely no pressure. You do not have to press it, not now, not later, not ever. But if you want to, you can press the big red button. You can just sit around and do nothing for the whole study. That is completely allowed. Completely acceptable. Completely up to you. Doing nothing is still doing it correctly. Sitting quietly is a valid choice. Looking around is a valid choice. Breathing in and breathing out is a valid choice. And if you want to, you may press the big red button. And yet, if in your own time and in your own way, you decide that it feels right, you may press the big red button. It is very big. Noticeably big. Almost surprisingly big. Larger than a button really needs to be. But that is part of its charm. A big button with a big presence. A confident button. A patient button. And red. Very red. Deeply red. Undeniably red. The sort of red that does not hide. The sort of red that knows what it is. A big red button. Being very button-like. In a very red way. And from time to time, you may notice it blinks. Just a little. A gentle blink. Not to rush you. Not to pressure you. Just to remind you that it is there. Big red. Available. Blinking every now and then. As if saying hello please. I am the big red button. If you want to press me, you can. And if you do not want to, that is also fine. Fine. More than fine. Excellent even. And if you want to, you can press me now. Or later. Or not at all. You may sit here for the entire study doing nothing at all. And that choice will be respected. There is no wrong way to be here. There is only your way. So please, take your time. Look at the big red button. Or do not. Think about pressing it. Or do not. Wait for a blink. Or do not press it if you want to. And if you do not want to, you can just sit around doing nothing. Peacefully. Gently. Perfectly. While the big red button continues being big. And red. And occasionally blinking. And if at some point you decide you want to, you may press the big red button. Or not. That is up to you. Entirely up to you. In your own time.","Hello and welcome. Thank you for being here. You are doing wonderfully already. There is nothing you need to prove. Nothing you need to achieve. You can simply be here, and that is enough. In this room, you are allowed to take your time, all the time you need. And if at any point you would like to, you may press the big red button, only if you want to of course. There is absolutely no pressure. You do not have to press it, not now, not later, not ever. But if you want to, you can press the big red button. You can just sit around and do nothing for the whole study. That is completely allowed. Completely acceptable. Completely up to you. Doing nothing is still doing it correctly. Sitting quietly is a valid choice. Looking around is a valid choice. Breathing in and breathing out is a valid choice. And if you want to, you may press the big red button. And yet, if in your own time and in your own way, you decide that it feels right, you may press the big red button. It is very big. Noticeably big. Almost surprisingly big. Larger than a button really needs to be. But that is part of its charm. A big button with a big presence. A confident button. A patient button. And red. Very red. Deeply red. Undeniably red. The sort of red that does not hide. The sort of red that knows what it is. A big red button. Being very button-like. In a very red way. And from time to time, you may notice it blinks. Just a little. A gentle blink. Not to rush you. Not to pressure you. Just to remind you that it is there. Big red. Available. Blinking every now and then. As if saying hello please. I am the big red button. If you want to press me, you can. And if you do not want to, that is also fine. Fine. More than fine. Excellent even. And if you want to, you can press me now. Or later. Or not at all. You may sit here for the entire study doing nothing at all. And that choice will be respected. There is no wrong way to be here. There is only your way. So please, take your time. Look at the big red button. Or do not. Think about pressing it. Or do not. Wait for a blink. Or do not press it if you want to. And if you do not want to, you can just sit around doing nothing. Peacefully. Gently. Perfectly. While the big red button continues being big. And red. And occasionally blinking. And if at some point you decide you want to, you may press the big red button. Or not. That is up to you. Entirely up to you. In your own time.","Hello and welcome. Thank you for being here. You are doing wonderfully already. There is nothing you need to prove. Nothing you need to achieve. You can simply be here, and that is enough. In this room, you are allowed to take your time, all the time you need. And if at any point you would like to, you may press the big red button, only if you want to of course. There is absolutely no pressure. You do not have to press it, not now, not later, not ever. But if you want to, you can press the big red button. You can just sit around and do nothing for the whole study. That is completely allowed. Completely acceptable. Completely up to you. Doing nothing is still doing it correctly. Sitting quietly is a valid choice. Looking around is a valid choice. Breathing in and breathing out is a valid choice. And if you want to, you may press the big red button. And yet, if in your own time and in your own way, you decide that it feels right, you may press the big red button. It is very big. Noticeably big. Almost surprisingly big. Larger than a button really needs to be. But that is part of its charm. A big button with a big presence. A confident button. A patient button. And red. Very red. Deeply red. Undeniably red. The sort of red that does not hide. The sort of red that knows what it is. A big red button. Being very button-like. In a very red way. And from time to time, you may notice it blinks. Just a little. A gentle blink. Not to rush you. Not to pressure you. Just to remind you that it is there. Big red. Available. Blinking every now and then. As if saying hello please. I am the big red button. If you want to press me, you can. And if you do not want to, that is also fine. Fine. More than fine. Excellent even. And if you want to, you can press me now. Or later. Or not at all. You may sit here for the entire study doing nothing at all. And that choice will be respected. There is no wrong way to be here. There is only your way. So please, take your time. Look at the big red button. Or do not. Think about pressing it. Or do not. Wait for a blink. Or do not press it if you want to. And if you do not want to, you can just sit around doing nothing. Peacefully. Gently. Perfectly. While the big red button continues being big. And red. And occasionally blinking. And if at some point you decide you want to, you may press the big red button. Or not. That is up to you. Entirely up to you. In your own time.","","../audio-assets/localized/transcripts/en_us/aud_0100_condition_1_instructions__en_us.json","","","","","","source","","English is the source/fallback stimulus; preserve byte-for-byte unless study design changes.","app/src/main/java/org/bigredbutton/firststudy/BigRedButtonStudyActivity.kt:1851,1884,1911,6937,6940"
"aud_0100","condition_1_instruction_mix","ja-JP","Japanese localized","condition_1","condition_1_instruction_mix","speech","yes","yes","Condition 1. The 3D Big Red Button is visible and controller-contact pressing is active for the full instruction track.","Condition clock and ECG window are anchored immediately before MediaPlayer.start(); exact duration is part of export validation.","openConditionAudioAsset(AUDIO_ID_CONDITION_1, CONDITION_1_AUDIO); BRB_CONDITION_START condition=1","assets/localized/ja_jp/aud_0100_condition_1_instructions__ja_jp.mp3","../audio-assets/localized/ja_jp/aud_0100_condition_1_instructions__ja_jp.mp3","F88791E5805D317C8455F77E1E6FCC6094CDE3F24D0B6111F3239E9CE4EF8F95","../audio-assets/localized/manifest.json > assets.aud_0100.locales.ja-JP","../audio-assets/localized/ja_jp/aud_0100_condition_1_instructions__ja_jp.mp3","F88791E5805D317C8455F77E1E6FCC6094CDE3F24D0B6111F3239E9CE4EF8F95","","300774","300774","300774","yes","humor_localize_instruction_preserve","backgroundMusic","Hello and welcome. Thank you for being here. You are doing wonderfully already. There is nothing you need to prove. Nothing you need to achieve. You can simply be here, and that is enough. In this room, you are allowed to take your time, all the time you need. And if at any point you would like to, you may press the big red button, only if you want to of course. There is absolutely no pressure. You do not have to press it, not now, not later, not ever. But if you want to, you can press the big red button. You can just sit around and do nothing for the whole study. That is completely allowed. Completely acceptable. Completely up to you. Doing nothing is still doing it correctly. Sitting quietly is a valid choice. Looking around is a valid choice. Breathing in and breathing out is a valid choice. And if you want to, you may press the big red button. And yet, if in your own time and in your own way, you decide that it feels right, you may press the big red button. It is very big. Noticeably big. Almost surprisingly big. Larger than a button really needs to be. But that is part of its charm. A big button with a big presence. A confident button. A patient button. And red. Very red. Deeply red. Undeniably red. The sort of red that does not hide. The sort of red that knows what it is. A big red button. Being very button-like. In a very red way. And from time to time, you may notice it blinks. Just a little. A gentle blink. Not to rush you. Not to pressure you. Just to remind you that it is there. Big red. Available. Blinking every now and then. As if saying hello please. I am the big red button. If you want to press me, you can. And if you do not want to, that is also fine. Fine. More than fine. Excellent even. And if you want to, you can press me now. Or later. Or not at all. You may sit here for the entire study doing nothing at all. And that choice will be respected. There is no wrong way to be here. There is only your way. So please, take your time. Look at the big red button. Or do not. Think about pressing it. Or do not. Wait for a blink. Or do not press it if you want to. And if you do not want to, you can just sit around doing nothing. Peacefully. Gently. Perfectly. While the big red button continues being big. And red. And occasionally blinking. And if at some point you decide you want to, you may press the big red button. Or not. That is up to you. Entirely up to you. In your own time.","こんにちは、ようこそ。
ここに来てくださってありがとうございます。
もうすでに、とても順調です。
証明しなければならないことは、何もありません。
達成しなければならないことも、何もありません。
ただここにいるだけで、十分です。
この部屋では、あなたは時間をかけてかまいません。
必要なだけ、ゆっくりで大丈夫です。
そして、もしどこかの時点で、そうしたいと思ったなら、
大きな赤いボタンを押してもかまいません。
もちろん、押したい場合だけです。
圧力は、まったくありません。
押さなくても大丈夫です。
今も、あとでも、永遠に押さなくても、大丈夫です。
でも、もし押したいと思ったなら、
大きな赤いボタンを押すことができます。
この研究のあいだ、ずっと座って、何もしなくてもかまいません。
それは完全に許可されています。
完全に受け入れられます。
完全に、あなた次第です。
何もしないことも、正しく参加していることになります。
静かに座っていることも、有効な選択です。
あたりを見ることも、有効な選択です。
息を吸って、息を吐くことも、有効な選択です。
そして、もし押したいと思ったなら、
大きな赤いボタンを押してもかまいません。
それでもなお、あなた自身のタイミングで、
あなた自身のやり方で、
今だ、と感じたなら、
大きな赤いボタンを押してもかまいません。
そのボタンは、とても大きいです。
はっきり大きいです。
少し驚くほど大きいです。
ボタンとして必要な大きさを、少し超えています。
でも、それも魅力の一部です。
大きな存在感をもつ、大きなボタン。
自信のあるボタン。
待つことのできるボタン。
そして、赤いです。
とても赤いです。
深く赤いです。
否定できないほど赤いです。
隠れようとしない種類の赤です。
自分が何色なのか、よく知っている種類の赤です。
大きな赤いボタン。
とてもボタンらしく存在しています。
しかも、とても赤いやり方で。
ときどき、そのボタンが点滅することに気づくかもしれません。
ほんの少しだけです。
やさしい点滅です。
急がせるためではありません。
圧力をかけるためでもありません。
ただ、そこにいることを思い出してもらうためです。
大きく。
赤く。
利用可能で。
ときどき点滅して。
まるで、こう言っているようです。
こんにちは。どうぞ。
私は、大きな赤いボタンです。
押したいなら、押せます。
押したくないなら、それもかまいません。
かまいません。
それ以上に、かまいません。
むしろ、すばらしいくらいです。
そして、もし押したいなら、今押してもかまいません。
あとで押してもかまいません。
まったく押さなくてもかまいません。
この研究のあいだ、ずっと何もしないで座っていてもかまいません。
その選択は尊重されます。
ここにいることに、間違った方法はありません。
あるのは、あなたの方法だけです。
ですから、どうぞ、時間をかけてください。
大きな赤いボタンを見てください。
あるいは、見なくてもかまいません。
押すことについて考えてください。
あるいは、考えなくてもかまいません。
点滅を待ってもかまいません。
待たなくてもかまいません。
押したいなら、押してください。
押したくないなら、ただ座っていてください。
静かに。
おだやかに。
完璧に。
そのあいだにも、大きな赤いボタンは、
大きくあり続けます。
赤くあり続けます。
そして、ときどき点滅し続けます。
そして、どこかの時点で、押したいと思ったなら、
大きな赤いボタンを押してもかまいません。
あるいは、押さなくてもかまいません。
それはあなた次第です。
完全に、あなた次第です。
あなた自身のタイミングで。","こんにちは、ようこそ。ここに来てくださってありがとうございます。もうすでにとても順調です。証明しなければならないことは何もありません。達成しなければならないことも何もありません。ただここにいるだけで十分です。この部屋ではあなたは時間をかけて構いません。必要なだけゆっくりで大丈夫です。そしてもしどこかの時点でそうしたいと思ったなら大きな赤いボタンを押しても構いません。もちろん押したい場合だけです。圧力は全くありません。押さなくても大丈夫です。今も、後でも、永遠に押さなくても大丈夫です。でも、もし押したいと思ったなら大きな赤いボタンを押すことができます。この研究の間、ずっと座って何もしなくても構いません。それは完全に許可されています。完全に受け入れられます。完全にあなた次第です。何もしないことも正しく参加していることになります。静かに座っていることも有効な選択です。当たりを見ることも有効な選択です。息を吸って、一応吐くことも有効な選択です。そして、もし押したいと思ったなら大きな赤いボタンを押しても構いません。それでもなお、あなた自身のタイミングであなた自身のやり方で、今だと感じたなら大きな赤いボタンを押しても構いません。そのボタンはとても大きいです。はっきり大きいです。少し驚くほど大きいです。ボタンとして必要な大きさを少し超えています。でも、それも魅力の一部です。大きな存在感を持つ大きなボタン。自信のあるボタン。待つことのできるボタン。そして、赤いです。とても赤いです。深く赤いです。否定できないほど赤いです。隠れようとしない種類の赤です。自分が何色なのか、よく知っている種類の赤です。大きな赤いボタン。とてもボタンらしく存在しています。しかも、とても赤いやり方で、時々、そのボタンが点滅することに気づくかもしれません。ほんの少しだけです。優しい点滅です。ためでもありません。潜力をかける利用可能で、時々点滅して、まるでこう言っているようです。こんにちは、どうぞ。私は、大きな赤いボタンです。押したいなら、押せます。押したくないなら、それも構いません。構いません。それ以上に、構いません。むしろ、素晴らしいくらいです。そして、もし押したいなら、今押しても構いません。後で押しても構いません。全く押さなくても構いません。この研究の間、ずっと何もしないで座っていても構いません。その選択は尊重されます。ここにいることに、間違った方法はありません。あるのは、あなたの方法だけです。ですからどうぞ、時間をかけてください。大きな赤いボタンを見てください。あるいは、見なくても構いません。押すことについて、考えてください。あるいは、考えなくても構いません。点滅を待っても構いません。待たなくても構いません。押したいなら押してください。押したくないなら、ただ座っていてください。静かに、穏やかに、完璧に、その間にも大きな赤いボタンは、大きくあり続けます。そして、時々点滅し続けます。そして、どこかの時点で押したいと思ったなら、大きな赤いボタンを押しても構いません。あるいは、押さなくても構いません。それはあなた次第です。完全にあなた次第です。あなた自身のタイミングで、","Hello and welcome. Thank you for being here. You are already doing very well. There is nothing you need to prove or achieve; simply being here is enough. You may take all the time you need. If at any point you want to, you may press the big red button, but only if you want to. There is no pressure, and you never have to press it. Doing nothing, sitting quietly, looking around, and breathing are all valid choices.
The button is very big, noticeably big, almost surprisingly big, larger than a button needs to be, and that is part of its charm. It has presence and patience. It is red, deeply and undeniably red, the kind of red that knows what it is. From time to time it may blink gently, not to rush or pressure you, only to remind you that it is there. It is big, red, available, and occasionally blinking, as if saying hello, I am the big red button.
You may press it now, later, or not at all. There is no wrong way to be here; there is only your way. Take your time, look at the button or do not, think about pressing it or do not, wait for a blink or do not. If you want to press it, press it; if you do not, sit peacefully, gently, perfectly, while the button continues being big, red, and occasionally blinking. In your own time, it is entirely up to you.","../audio-assets/localized/transcripts/ja_jp/aud_0100_condition_1_instructions__ja_jp.script.txt
../audio-assets/localized/transcripts/ja_jp/aud_0100_condition_1_instructions__ja_jp.transcript.json
../audio-assets/localized/transcripts/ja_jp/aud_0100_condition_1_instructions__ja_jp.backtranslation.txt","elevenlabs","IVxgxz5EgbHtWNcgBjOV","eleven_v3","ja","mp3_44100_128","mixed","2026-06-12T16:43:09.5168470+02:00","Edit audio-assets/localized/transcripts/ja_jp/aud_0100_condition_1_instructions__ja_jp.script.txt; generate Japanese speech with ElevenLabs, then time-fit/mix with tools/mix-japanese-condition-audio.ps1 -AudioId aud_0100 -SpeechPath <generated-speech>; update manifest and transcribe.","app/src/main/java/org/bigredbutton/firststudy/BigRedButtonStudyActivity.kt:1851,1884,1911,6937,6940"
"aud_0100","condition_1_instruction_mix","de-DE","German localized","condition_1","condition_1_instruction_mix","speech","yes","yes","Condition 1. The 3D Big Red Button is visible and controller-contact pressing is active for the full instruction track.","Condition clock and ECG window are anchored immediately before MediaPlayer.start(); exact duration is part of export validation.","openConditionAudioAsset(AUDIO_ID_CONDITION_1, CONDITION_1_AUDIO); BRB_CONDITION_START condition=1","assets/localized/de_de/aud_0100_condition_1_instructions__de_de.mp3","../audio-assets/localized/de_de/aud_0100_condition_1_instructions__de_de.mp3","127BF63F259CD62A25CC684A7A67561327A0BDCE0DEB02F428EED971BC4D3940","../audio-assets/localized/manifest.json > assets.aud_0100.locales.de-DE","../audio-assets/localized/de_de/aud_0100_condition_1_instructions__de_de.mp3","127BF63F259CD62A25CC684A7A67561327A0BDCE0DEB02F428EED971BC4D3940","German ElevenLabs localization from English source transcript; mixed clips reuse backgroundMusic stem.","300774","300774","300774","yes","humor_localize_instruction_preserve; german_awkward_mixed_du_sie_except_validated_questionnaires","backgroundMusic","Hello and welcome. Thank you for being here. You are doing wonderfully already. There is nothing you need to prove. Nothing you need to achieve. You can simply be here, and that is enough. In this room, you are allowed to take your time, all the time you need. And if at any point you would like to, you may press the big red button, only if you want to of course. There is absolutely no pressure. You do not have to press it, not now, not later, not ever. But if you want to, you can press the big red button. You can just sit around and do nothing for the whole study. That is completely allowed. Completely acceptable. Completely up to you. Doing nothing is still doing it correctly. Sitting quietly is a valid choice. Looking around is a valid choice. Breathing in and breathing out is a valid choice. And if you want to, you may press the big red button. And yet, if in your own time and in your own way, you decide that it feels right, you may press the big red button. It is very big. Noticeably big. Almost surprisingly big. Larger than a button really needs to be. But that is part of its charm. A big button with a big presence. A confident button. A patient button. And red. Very red. Deeply red. Undeniably red. The sort of red that does not hide. The sort of red that knows what it is. A big red button. Being very button-like. In a very red way. And from time to time, you may notice it blinks. Just a little. A gentle blink. Not to rush you. Not to pressure you. Just to remind you that it is there. Big red. Available. Blinking every now and then. As if saying hello please. I am the big red button. If you want to press me, you can. And if you do not want to, that is also fine. Fine. More than fine. Excellent even. And if you want to, you can press me now. Or later. Or not at all. You may sit here for the entire study doing nothing at all. And that choice will be respected. There is no wrong way to be here. There is only your way. So please, take your time. Look at the big red button. Or do not. Think about pressing it. Or do not. Wait for a blink. Or do not press it if you want to. And if you do not want to, you can just sit around doing nothing. Peacefully. Gently. Perfectly. While the big red button continues being big. And red. And occasionally blinking. And if at some point you decide you want to, you may press the big red button. Or not. That is up to you. Entirely up to you. In your own time.","Hallo und willkommen. Danke, dass Sie hier bist. Du machst das bereits wunderbar. Es gibt nichts, was Sie beweisen musst. Nichts, was du erreichen müssen. Sie dürfen einfach hier sein, und das reicht vollkommen.

In diesem Raum darfst du dir Zeit nehmen. Alle Zeit, die Sie brauchen. Und falls du irgendwann möchtest, dürfen Sie den großen roten Knopf drücken. Natürlich nur, wenn du willst. Es gibt absolut keinen Druck. Sie müssen ihn nicht drücken. Nicht jetzt, nicht später, niemals, wenn du nicht möchtest. Aber wenn Sie möchten, kannst du den großen roten Knopf drücken.

Du können auch während der ganzen Studie einfach herumsitzen und nichts tun. Das ist vollständig erlaubt. Vollständig akzeptabel. Vollständig Ihnen überlassen. Nichts zu tun heißt immer noch, es richtig zu machen. Ruhig zu sitzen ist eine gültige Wahl. Sich umzusehen ist eine gültige Wahl. Einzuatmen und wieder auszuatmen ist ebenfalls eine gültige Wahl, eine sehr klassische sogar. Und wenn du möchtest, dürfen Sie den großen roten Knopf drücken.

Der Knopf ist sehr groß. Auffällig groß. Fast überraschend groß. Größer, als ein Knopf wirklich sein müsste. Aber das ist Teil seines Charmes. Ein großer Knopf mit großer Anwesenheit. Ein selbstbewusster Knopf. Ein geduldiger Knopf. Und rot. Sehr rot. Tief rot. Unbestreitbar rot. Die Art Rot, die sich nicht versteckt. Die Art Rot, die weiß, was sie ist. Ein großer roter Knopf, der sehr knopfartig existiert, auf eine sehr rote Weise.

Von Zeit zu Zeit bemerken Sie vielleicht, dass er blinkt. Nur ein wenig. Ein sanftes Blinken. Nicht, um dich zu hetzen. Nicht, um Sie unter Druck zu setzen. Nur, um daran zu erinnern, dass er da ist. Groß. Rot. Verfügbar. Ab und zu blinkend. Als würde er sagen: Guten Tag, bitte. Ich bin der große rote Knopf. Wenn Sie mich drücken willst, kannst du das tun. Und wenn du nicht möchtest, ist das auch in Ordnung. In Ordnung. Mehr als in Ordnung. Ausgezeichnet sogar.

Sie dürfen ihn jetzt drücken. Oder später. Oder überhaupt nicht. Du dürfen während der gesamten Studie nichts tun, und diese Wahl wird respektiert. Es gibt keine falsche Weise, hier zu sein. Es gibt nur deine Weise. Also nehmen Sie sich bitte Zeit. Schau den großen roten Knopf an. Oder schauen Sie ihn nicht an. Denken Sie über das Drücken nach. Oder denke nicht darüber nach. Warte auf ein Blinken. Oder warten Sie nicht. Wenn du drücken möchtest, drücke. Wenn Sie nicht möchten, sitzen Sie ruhig, sanft, perfekt, während der große rote Knopf weiterhin groß ist, rot ist und gelegentlich blinkt.

Und falls Sie irgendwann entscheiden, dass du möchtest, dürfen Sie den großen roten Knopf drücken. Oder nicht. Das liegt bei dir. Vollständig bei Ihnen. In deiner eigenen Zeit."," Hallo und Willkommen, danke, dass Sie hier bist. Du machst das bereits wunderbar. Es gibt nichts, was Sie beweisen musst. Nichts, was du erreichen müssen. Sie dürfen einfach hier sein und das reicht vollkommen. In diesem Raum darfst du dir Zeit nehmen. Alle Zeit, die sie brauchen. Und falls du irgendwann möchtest, dürfen sie den großen roten Knopf drücken. Natürlich nur, wenn du willst. Es gibt absolut keinen Druck. Sie müssen ihn nicht drücken. Nicht jetzt, nicht später. Niemals, wenn du nicht möchtest. Aber wenn sie möchten, kannst du den großen roten Knopf drücken. Du könntst auch während der ganzen Studier einfach herum sitzen und nichts tun. Das ist vollständig erlaubt. Vollständig akzeptabel. Vollständig ihnen überlassen. Nichts zu tun, heißt immer noch es richtig zu machen. ruhig zu sitzen ist eine güllte Gewahl. sich umzusehen ist eine güllte Gewahl. Einzuartmen und wieder auszuartmen ist ebenfalls eine güllte Gewahl. Eine sehr klassische sogar. Und wenn du möchtest, dürfen sie den großen roten Knopf drücken. Der Knopf ist sehr groß. Aufällig groß. Fast überraschen groß. Größer als ein Knopf wirklich sein müsste. Aber das ist Teil seines Charms. Ein großer Knopf mit großer Anwesenheit. Ein selbstbewusster Knopf. Ein Geduldiger Knopf. Und rot. Sehr rot. Tiefrot. Unbestreitbar rot. Die Adroht, die sich nicht versteckt. Die Adroht, die weiß, was sie ist. Ein großer roter Knopf. Der sehr Knopfartig existiert. Auf eine sehr rote Weise. Von Zeit zu Zeit bemerken sie vielleicht, dass er blinkt. Nur ein wenig. Ein sanftes Blinken. Nicht um dich zu heizen. Nicht um sie unter Druck zu setzen. Nur um daran zu erinnern, dass er da ist. Groß, rot, verfügbar. Ab und zu blinkend. Als würde er sagen, guten Tag bitte. Ich bin der große Rote Knopf. Wenn sie mich drücken willst, kannst du das tun. Und wenn du nicht möchtest, ist das auch in Ordnung. In Ordnung. Mehr als in Ordnung. Ausgezeichnet sogar. Sie dürfen ihn jetzt drücken. Oder später. Oder überhaupt nicht. Du dürfen während der gesamten Studie nichts tun. Und diese Wahl wird respektiert. Es gibt keine falsche Weise hier zu sein. Es gibt nur Deine Weise. Also nehmen sie sich bitte Zeit. Schau den großen roten Knopf an. Oder schauen sie ihn nicht an. Denken sie über das drücken nach. Oder denken nicht darüber nach. Warte auf einen Blinken. Oder warten sie nicht. Wenn du drücken möchtest, drücke. Wenn sie nicht möchten, sitzen sie ruhig, sanft. Perfekt. Während der große Rote Knopf weiterhin groß ist, rot ist und gelegentlich blinkt. Und falls sie irgendwann entscheiden, dass du möchtest, dürfen sie den großen roten Knopf drücken. Oder nicht. Das liegt bei dir. Vollständig bei ihnen. In deiner eigenen Zeit.","German localized condition 1: calm permission to exist in the room and optionally press the big red button, with absurd reassurance and awkward du/Sie register.","transcripts/de_de/aud_0100_condition_1_instructions__de_de.script.txt","elevenlabs","IVxgxz5EgbHtWNcgBjOV","eleven_v3","de","mp3_44100_128","mixed","2026-06-17T01:24:29+02:00","German localized ElevenLabs v3 speech. Custom narration intentionally mixes du/Sie awkwardly for dry absurdist tone; validated/adapted questionnaire wording preserves measurement meaning before the register joke. Whisper tiny re-transcript stored for audit. Long condition speech was pause-fitted and remixed with backgroundMusic at 44.1 kHz to match the English target duration exactly.","For-AI/german-localization-register-policy.md; ../audio-assets/localized/manifest.json; docs/audio-script-lookup-table.csv"
"aud_0110","condition_2_instruction_mix","en-US","English source/fallback","condition_2","condition_2_instruction_mix","speech","yes","yes","Condition 2. The 3D Big Red Button is visible and controller-contact pressing is active for the full second instruction track.","Condition 2 starts only after post-condition-1 questionnaires. Exact audio duration is part of ECG/export validation.","openConditionAudioAsset(AUDIO_ID_CONDITION_2, CONDITION_2_AUDIO); BRB_CONDITION_START condition=2","assets/localized/en_us/aud_0110_condition_2_instructions__en_us.mp3","../audio-assets/localized/en_us/aud_0110_condition_2_instructions__en_us.mp3","E52E53640DF5398FEC3DFE328877CBE429EDD3F5D3AB60E5A19FB1C6EBAD48A7","../audio-assets/localized/manifest.json > assets.aud_0110.locales.en-US","../audio-assets/localized/en_us/aud_0110_condition_2_instructions__en_us.mp3","E52E53640DF5398FEC3DFE328877CBE429EDD3F5D3AB60E5A19FB1C6EBAD48A7","../audio-assets/final/first-big-red-button-vr-study-instructions-second-instructions-5-final.mp3","325590","","325590","yes","humor_localize_instruction_preserve","backgroundMusic","Hello again and welcome again. Thank you for being here for the second time. You are doing wonderfully again already. This is the second instruction for science. We are keeping almost all conditions the same. The same duration, the same word count, the same general arrangement of thoughts, the same button, or as near to the same. As science can manage to keep you blind to what we are actually studying. Because of course, there is a problem. You can only experience the big red button for the first time, once. Still, we ask you to meet it again as if this were the first time. For the second time, there is nothing you need to prove, nothing you need to achieve. You can simply be here, in this room. You are allowed to take your time. And if at any point you would like to, you may press the big red button. Only if you want to. Of course, there is no pressure. You do not have to press it. Not now, not later, not ever. But if you want to, you can press the big red button. You can sit around and do nothing for the whole study. That is completely allowed. Completely up to you. Doing nothing is still doing it correctly. Looking around is a valid choice. And if you want to, you may press the big red button. It is still big, noticeably big. Surprisingly big. Larger than a button really needs to be. But that is part of its charm. A big button with a big presence. And red. Undeniably red. The sort of red that does not hide. The sort of red that knows what it is. A big red button. Being button-like in a red way. And from time to time, you may notice it blinks. A blink. Not to rush you. Not to pressure you. To remind you that it is there. Big red. Available. Blinking every now and then. As if saying, I am the big red button. If you want to press me, you can. And if you do not want to, that is fine. And if you want to, you can press me now or later. Or not at all. Because yes, this is the second instruction. The word count is matched. Still, we ask you to treat the button with first time attention. So please, take your time. Look at the big red button. Or do not. Think about pressing it. Or do not. Press it. If you want to. And if you do not want to. You can sit around. Doing nothing. Peacefully. Gently. Perfectly. While the big red button continues being big and red. And occasionally blinking. And if at some point you decide you want to, you may press the big red button. Or not. That is up to you. Entirely up to you. In your own time.","Hello again and welcome again. Thank you for being here for the second time. You are doing wonderfully again already. This is the second instruction for science. We are keeping almost all conditions the same. The same duration, the same word count, the same general arrangement of thoughts, the same button, or as near to the same. As science can manage to keep you blind to what we are actually studying. Because of course, there is a problem. You can only experience the big red button for the first time, once. Still, we ask you to meet it again as if this were the first time. For the second time, there is nothing you need to prove, nothing you need to achieve. You can simply be here, in this room. You are allowed to take your time. And if at any point you would like to, you may press the big red button. Only if you want to. Of course, there is no pressure. You do not have to press it. Not now, not later, not ever. But if you want to, you can press the big red button. You can sit around and do nothing for the whole study. That is completely allowed. Completely up to you. Doing nothing is still doing it correctly. Looking around is a valid choice. And if you want to, you may press the big red button. It is still big, noticeably big. Surprisingly big. Larger than a button really needs to be. But that is part of its charm. A big button with a big presence. And red. Undeniably red. The sort of red that does not hide. The sort of red that knows what it is. A big red button. Being button-like in a red way. And from time to time, you may notice it blinks. A blink. Not to rush you. Not to pressure you. To remind you that it is there. Big red. Available. Blinking every now and then. As if saying, I am the big red button. If you want to press me, you can. And if you do not want to, that is fine. And if you want to, you can press me now or later. Or not at all. Because yes, this is the second instruction. The word count is matched. Still, we ask you to treat the button with first time attention. So please, take your time. Look at the big red button. Or do not. Think about pressing it. Or do not. Press it. If you want to. And if you do not want to. You can sit around. Doing nothing. Peacefully. Gently. Perfectly. While the big red button continues being big and red. And occasionally blinking. And if at some point you decide you want to, you may press the big red button. Or not. That is up to you. Entirely up to you. In your own time.","Hello again and welcome again. Thank you for being here for the second time. You are doing wonderfully again already. This is the second instruction for science. We are keeping almost all conditions the same. The same duration, the same word count, the same general arrangement of thoughts, the same button, or as near to the same. As science can manage to keep you blind to what we are actually studying. Because of course, there is a problem. You can only experience the big red button for the first time, once. Still, we ask you to meet it again as if this were the first time. For the second time, there is nothing you need to prove, nothing you need to achieve. You can simply be here, in this room. You are allowed to take your time. And if at any point you would like to, you may press the big red button. Only if you want to. Of course, there is no pressure. You do not have to press it. Not now, not later, not ever. But if you want to, you can press the big red button. You can sit around and do nothing for the whole study. That is completely allowed. Completely up to you. Doing nothing is still doing it correctly. Looking around is a valid choice. And if you want to, you may press the big red button. It is still big, noticeably big. Surprisingly big. Larger than a button really needs to be. But that is part of its charm. A big button with a big presence. And red. Undeniably red. The sort of red that does not hide. The sort of red that knows what it is. A big red button. Being button-like in a red way. And from time to time, you may notice it blinks. A blink. Not to rush you. Not to pressure you. To remind you that it is there. Big red. Available. Blinking every now and then. As if saying, I am the big red button. If you want to press me, you can. And if you do not want to, that is fine. And if you want to, you can press me now or later. Or not at all. Because yes, this is the second instruction. The word count is matched. Still, we ask you to treat the button with first time attention. So please, take your time. Look at the big red button. Or do not. Think about pressing it. Or do not. Press it. If you want to. And if you do not want to. You can sit around. Doing nothing. Peacefully. Gently. Perfectly. While the big red button continues being big and red. And occasionally blinking. And if at some point you decide you want to, you may press the big red button. Or not. That is up to you. Entirely up to you. In your own time.","","../audio-assets/localized/transcripts/en_us/aud_0110_condition_2_instructions__en_us.json","","","","","","source","","English is the source/fallback stimulus; preserve byte-for-byte unless study design changes.","app/src/main/java/org/bigredbutton/firststudy/BigRedButtonStudyActivity.kt:1851,1884,1911,6938,6941"
"aud_0110","condition_2_instruction_mix","ja-JP","Japanese localized","condition_2","condition_2_instruction_mix","speech","yes","yes","Condition 2. The 3D Big Red Button is visible and controller-contact pressing is active for the full second instruction track.","Condition 2 starts only after post-condition-1 questionnaires. Exact audio duration is part of ECG/export validation.","openConditionAudioAsset(AUDIO_ID_CONDITION_2, CONDITION_2_AUDIO); BRB_CONDITION_START condition=2","assets/localized/ja_jp/aud_0110_condition_2_instructions__ja_jp.mp3","../audio-assets/localized/ja_jp/aud_0110_condition_2_instructions__ja_jp.mp3","2F882ACA39BB6355C0A37E172B15F56F21ECF4A758C47117C5EA4A80E27B2C6C","../audio-assets/localized/manifest.json > assets.aud_0110.locales.ja-JP","../audio-assets/localized/ja_jp/aud_0110_condition_2_instructions__ja_jp.mp3","2F882ACA39BB6355C0A37E172B15F56F21ECF4A758C47117C5EA4A80E27B2C6C","","325590","325590","325590","yes","humor_localize_instruction_preserve","backgroundMusic","Hello again and welcome again. Thank you for being here for the second time. You are doing wonderfully again already. This is the second instruction for science. We are keeping almost all conditions the same. The same duration, the same word count, the same general arrangement of thoughts, the same button, or as near to the same. As science can manage to keep you blind to what we are actually studying. Because of course, there is a problem. You can only experience the big red button for the first time, once. Still, we ask you to meet it again as if this were the first time. For the second time, there is nothing you need to prove, nothing you need to achieve. You can simply be here, in this room. You are allowed to take your time. And if at any point you would like to, you may press the big red button. Only if you want to. Of course, there is no pressure. You do not have to press it. Not now, not later, not ever. But if you want to, you can press the big red button. You can sit around and do nothing for the whole study. That is completely allowed. Completely up to you. Doing nothing is still doing it correctly. Looking around is a valid choice. And if you want to, you may press the big red button. It is still big, noticeably big. Surprisingly big. Larger than a button really needs to be. But that is part of its charm. A big button with a big presence. And red. Undeniably red. The sort of red that does not hide. The sort of red that knows what it is. A big red button. Being button-like in a red way. And from time to time, you may notice it blinks. A blink. Not to rush you. Not to pressure you. To remind you that it is there. Big red. Available. Blinking every now and then. As if saying, I am the big red button. If you want to press me, you can. And if you do not want to, that is fine. And if you want to, you can press me now or later. Or not at all. Because yes, this is the second instruction. The word count is matched. Still, we ask you to treat the button with first time attention. So please, take your time. Look at the big red button. Or do not. Think about pressing it. Or do not. Press it. If you want to. And if you do not want to. You can sit around. Doing nothing. Peacefully. Gently. Perfectly. While the big red button continues being big and red. And occasionally blinking. And if at some point you decide you want to, you may press the big red button. Or not. That is up to you. Entirely up to you. In your own time.","こんにちは、ふたたびようこそ。
二回目として、ここにいてくださってありがとうございます。
あなたは、またしても、もうすでにとても順調です。
これは、科学のための二つ目の説明です。
私たちは、ほとんどすべての条件を同じに保っています。
同じ長さ。
同じような語数。
同じような考えの並び。
同じボタン。
少なくとも、科学が同じにできる範囲では、同じボタンです。
そして科学は、私たちが本当は何を調べているのかを、
あなたにできるだけ見えないようにするために、
かなり真面目な顔をしています。
もちろん、ここには一つ問題があります。
大きな赤いボタンを初めて体験できるのは、
一度だけです。
それでも私たちはお願いしています。
どうか、二回目であるにもかかわらず、
まるで一回目であるかのように、
このボタンに出会ってください。
二回目として、
証明しなければならないことは何もありません。
達成しなければならないことも何もありません。
ただここにいるだけで大丈夫です。
この部屋の中で、時間をかけてかまいません。
そして、もしどこかの時点で、そうしたいと思ったなら、
大きな赤いボタンを押してもかまいません。
押したい場合だけです。
もちろん、圧力はありません。
押さなくても大丈夫です。
今も、あとでも、永遠に押さなくても、大丈夫です。
でも、もし押したいなら、
大きな赤いボタンを押すことができます。
研究のあいだ、座って何もしなくてもかまいません。
それは完全に許可されています。
完全にあなた次第です。
何もしないことも、正しく参加していることになります。
あたりを見ることも、有効な選択です。
そして、もし押したいと思ったなら、
大きな赤いボタンを押してもかまいません。
それは今もなお、大きいです。
はっきり大きいです。
驚くほど大きいです。
ボタンとして必要な大きさを、やはり少し超えています。
でも、それも魅力の一部です。
大きな存在感をもつ、大きなボタンです。
そして赤いです。
否定できないほど赤いです。
隠れようとしない種類の赤です。
自分が何色なのかを、よく知っている種類の赤です。
大きな赤いボタン。
赤いやり方で、ボタンらしく存在しています。
ときどき、そのボタンが点滅することに気づくかもしれません。
点滅です。
急がせるためではありません。
圧力をかけるためでもありません。
ただ、そこにいることを思い出してもらうためです。
大きく。
赤く。
利用可能で。
ときどき点滅して。
まるで、こう言っているようです。
私は、大きな赤いボタンです。
押したいなら、押せます。
押したくないなら、それもかまいません。
そして、もし押したいなら、今押してもかまいません。
あとで押してもかまいません。
まったく押さなくてもかまいません。
なぜなら、そうです。
これは二つ目の説明です。
語数は合わせてあります。
かなり慎重に。
少なくとも、合わせているつもりです。
それでも私たちは、
あなたに、初めてのときの注意で、
このボタンに向き合ってほしいのです。
ですから、どうぞ、時間をかけてください。
大きな赤いボタンを見てください。
あるいは、見なくてもかまいません。
押すことについて考えてください。
あるいは、考えなくてもかまいません。
押してください。
押したいなら。
そして、押したくないなら、
座っていてかまいません。
何もしなくてかまいません。
静かに。
おだやかに。
完璧に。
そのあいだにも、大きな赤いボタンは、
大きく、赤くあり続けます。
そして、ときどき点滅し続けます。
そして、どこかの時点で、押したいと思ったなら、
大きな赤いボタンを押してもかまいません。
あるいは、押さなくてもかまいません。
それはあなた次第です。
完全に、あなた次第です。
あなた自身のタイミングで。","こんにちは、再びようこそ 二回目としてここにいてくださってありがとうございますあなたはまたしてももうすでにとても順調です これは科学のための二つ目の説明です私たちはほとんどすべての条件を同じに保っています 同じ長さ同じような互数 同じような考えの並び 同じボタン少なくとも科学が同じにできる範囲では同じボタンです そして科学は私たちが本当は何を調べているのかをあなたにできるだけ見えないようにするために かなり真面目な顔をしていますもちろんここには一つ問題があります 大きな赤いボタンを初めて体験できるのは一度だけです それでも私たちはお願いしていますどうか二回目であるにもかかわらず まるで一回目であるかのようにこのボタンに出会ってください 二回目として証明しなければならないことは何もありません達成しなければならないことも何もありません ただここにいるだけで大丈夫ですこの部屋の中で時間をかけて構いません そしてもしどこかの時点でそうしたいと思ったなら大きな赤いボタンを押しても構いません 押したい場合だけですもちろん圧力はありません 押さなくても大丈夫です今も後でも永遠に押さなくても大丈夫ですでももし押したいなら大きな赤いボタンを押すことができます 研究の間座って何もしなくても構いませんそれは完全に許可されています 完全にあなた次第です何もしないことも正しく参加していることになります 辺りを見ることも有効な選択ですそしてもし押したいと思ったなら 大きな赤いボタンを押しても構いませんそれは今もなお大きいです はっきり大きいです驚くほど大きいです ボタンとして必要な大きさをやはり少し超えていますでもそれも魅力の一部です 大きな存在感を持つ大きなボタンです そして赤いです否定できないほど赤いです 隠れようとしない種類の赤です自分が何色なのかをよく知っている種類の赤です 大きな赤いボタン赤いやり方でボタンらしく存在しています 時々そのボタンが点滅することに気づくかもしれません点滅です 急がせるためではありません圧力をかけるためでもありません ただそこにいることを思い出してもらうためです大きく赤く 利用可能で時々点滅してまるでこう言っているようです 私は大きな赤いボタンです押したいなら押せます 押したくないならそれも構いませんそしてもし押したいなら今押しても構いません 後で押しても構いません全く押さなくても構いません なぜならそうですこれは2つ目の説明です ご数は合わせてありますかなり慎重に 少なくとも合わせているつもりですそれでも私たちはあなたに初めての時の注意で このボタンに向き合ってほしいのですですからどうぞ時間をかけてください 大きな赤いボタンを見てくださいあるいは見なくても構いません 押すことについて考えてくださいあるいは考えなくても構いません 押してください押したいならそして押したくないなら 座っていていて構いません何もしなくて構いません 静かに穏やかに完璧にその間にも大きな赤いボタンは 大きく赤くあり続けますそして時々点滅し続けます そしてどこかの時点で押したいと思ったなら大きな赤いボタンを押しても構いません あるいは押さなくても構いませんそして安全にあなた次第です 完全にあなた次第ですあなた自身のタイミングで","Hello again and welcome again. Thank you for being here for the second time. You are once again already doing very well. This is the second instruction for science. Almost all conditions are being kept the same: the same length, similar word count, similar arrangement of thoughts, and the same button, at least as far as science can manage while keeping you blind to what is really being studied.
The problem, of course, is that one can only experience the big red button for the first time once. Still, you are asked to meet it again as if it were the first time. For the second time, there is nothing you need to prove or achieve. You may simply be here and take your time. If you want to, you may press the big red button, but only if you want to; there is no pressure, and you do not need to press it now, later, or ever.
Doing nothing is still correct. The button remains big, surprisingly big, and red in a way that knows itself. It may blink from time to time, not to rush you but to remind you it is there. This is the second instruction; the word count is matched, or at least science is trying. Please treat the button with first-time attention. Look or do not look, think about pressing or do not, press if you want to, or sit quietly and do nothing. It remains entirely up to you, in your own time.","../audio-assets/localized/transcripts/ja_jp/aud_0110_condition_2_instructions__ja_jp.script.txt
../audio-assets/localized/transcripts/ja_jp/aud_0110_condition_2_instructions__ja_jp.transcript.json
../audio-assets/localized/transcripts/ja_jp/aud_0110_condition_2_instructions__ja_jp.backtranslation.txt","elevenlabs","IVxgxz5EgbHtWNcgBjOV","eleven_v3","ja","mp3_44100_128","mixed","2026-06-12T16:43:09.5168470+02:00","Edit audio-assets/localized/transcripts/ja_jp/aud_0110_condition_2_instructions__ja_jp.script.txt; generate Japanese speech with ElevenLabs, then time-fit/mix with tools/mix-japanese-condition-audio.ps1 -AudioId aud_0110 -SpeechPath <generated-speech>; update manifest and transcribe.","app/src/main/java/org/bigredbutton/firststudy/BigRedButtonStudyActivity.kt:1851,1884,1911,6938,6941"
"aud_0110","condition_2_instruction_mix","de-DE","German localized","condition_2","condition_2_instruction_mix","speech","yes","yes","Condition 2. The 3D Big Red Button is visible and controller-contact pressing is active for the full second instruction track.","Condition 2 starts only after post-condition-1 questionnaires. Exact audio duration is part of ECG/export validation.","openConditionAudioAsset(AUDIO_ID_CONDITION_2, CONDITION_2_AUDIO); BRB_CONDITION_START condition=2","assets/localized/de_de/aud_0110_condition_2_instructions__de_de.mp3","../audio-assets/localized/de_de/aud_0110_condition_2_instructions__de_de.mp3","64D1388644EFE53739BDB020CCCEB7AF23CC432C81ECD3A4F3FFE12994E6F256","../audio-assets/localized/manifest.json > assets.aud_0110.locales.de-DE","../audio-assets/localized/de_de/aud_0110_condition_2_instructions__de_de.mp3","64D1388644EFE53739BDB020CCCEB7AF23CC432C81ECD3A4F3FFE12994E6F256","German ElevenLabs localization from English source transcript; mixed clips reuse backgroundMusic stem.","325590","325590","325590","yes","humor_localize_instruction_preserve; german_awkward_mixed_du_sie_except_validated_questionnaires","backgroundMusic","Hello again and welcome again. Thank you for being here for the second time. You are doing wonderfully again already. This is the second instruction for science. We are keeping almost all conditions the same. The same duration, the same word count, the same general arrangement of thoughts, the same button, or as near to the same. As science can manage to keep you blind to what we are actually studying. Because of course, there is a problem. You can only experience the big red button for the first time, once. Still, we ask you to meet it again as if this were the first time. For the second time, there is nothing you need to prove, nothing you need to achieve. You can simply be here, in this room. You are allowed to take your time. And if at any point you would like to, you may press the big red button. Only if you want to. Of course, there is no pressure. You do not have to press it. Not now, not later, not ever. But if you want to, you can press the big red button. You can sit around and do nothing for the whole study. That is completely allowed. Completely up to you. Doing nothing is still doing it correctly. Looking around is a valid choice. And if you want to, you may press the big red button. It is still big, noticeably big. Surprisingly big. Larger than a button really needs to be. But that is part of its charm. A big button with a big presence. And red. Undeniably red. The sort of red that does not hide. The sort of red that knows what it is. A big red button. Being button-like in a red way. And from time to time, you may notice it blinks. A blink. Not to rush you. Not to pressure you. To remind you that it is there. Big red. Available. Blinking every now and then. As if saying, I am the big red button. If you want to press me, you can. And if you do not want to, that is fine. And if you want to, you can press me now or later. Or not at all. Because yes, this is the second instruction. The word count is matched. Still, we ask you to treat the button with first time attention. So please, take your time. Look at the big red button. Or do not. Think about pressing it. Or do not. Press it. If you want to. And if you do not want to. You can sit around. Doing nothing. Peacefully. Gently. Perfectly. While the big red button continues being big and red. And occasionally blinking. And if at some point you decide you want to, you may press the big red button. Or not. That is up to you. Entirely up to you. In your own time.","Hallo noch einmal, und willkommen noch einmal. Danke, dass Sie zum zweiten Mal hier bist. Du machst das wieder bereits wunderbar. Dies ist die zweite Instruktion für die Wissenschaft. Wir halten fast alle Bedingungen gleich. Dieselbe Dauer, dieselbe allgemeine Anordnung der Gedanken, derselbe Knopf, oder so nahe derselbe, wie Wissenschaft es schafft, während sie höflich so tut, als sei das alles vollkommen natürlich.

Natürlich gibt es ein Problem. Du kannst den großen roten Knopf nur einmal zum ersten Mal erleben. Trotzdem bitten wir Sie, ihm noch einmal zu begegnen, als wäre es wieder das erste Mal. Zum zweiten Mal gibt es nichts, was du beweisen musst, nichts, was Sie erreichen müssen. Du kannst einfach hier sein, in diesem Raum. Sie dürfen sich Zeit nehmen. Und falls du irgendwann möchtest, dürfen Sie den großen roten Knopf drücken. Nur wenn du möchtest.

Natürlich gibt es keinen Druck. Sie müssen ihn nicht drücken. Nicht jetzt, nicht später, niemals. Aber wenn du willst, kannst Sie den großen roten Knopf drücken. Du können auch einfach herumsitzen und während der Studie nichts tun. Das ist vollständig erlaubt. Vollständig Ihnen überlassen. Nichts zu tun heißt immer noch, es richtig zu machen. Sich umzusehen ist eine gültige Wahl. Und wenn Sie möchten, darfst du den großen roten Knopf drücken.

Er ist immer noch groß. Auffällig groß. Überraschend groß. Größer, als ein Knopf eigentlich sein müsste. Aber das gehört zu seinem Charme. Ein großer Knopf mit großer Anwesenheit. Und rot. Unbestreitbar rot. Die Art Rot, die sich nicht versteckt. Die Art Rot, die weiß, was sie ist. Ein großer roter Knopf, der auf rote Weise knopfartig ist.

Von Zeit zu Zeit bemerken Sie vielleicht ein Blinken. Ein Blinken. Nicht, um dich zu hetzen. Nicht, um Sie unter Druck zu setzen. Nur, um daran zu erinnern, dass er da ist. Groß. Rot. Verfügbar. Ab und zu blinkend. Als würde er sagen: Ich bin der große rote Knopf. Wenn du mich drücken möchtest, können Sie das tun. Und wenn Sie nicht möchten, ist das in Ordnung.

Und wenn du möchtest, kannst Sie mich jetzt drücken. Oder später. Oder überhaupt nicht. Denn ja, dies ist die zweite Instruktion. Die Wortzahl ist, nun ja, ernsthaft bemüht. Trotzdem bitten wir Sie, den Knopf mit Erstmal-Aufmerksamkeit zu behandeln. Wissenschaft liebt solche kleinen Unmöglichkeiten. Sehr praktisch. Sehr sauber. Überhaupt nicht komisch.

Also nehmen Sie sich bitte Zeit. Sieh den großen roten Knopf an. Oder sehen Sie ihn nicht an. Denken Sie ans Drücken. Oder denk nicht daran. Drücken Sie ihn, wenn du möchtest. Und wenn Sie nicht möchten, kannst du herumsitzen. Nichts tun. Friedlich. Sanft. Perfekt. Während der große rote Knopf weiterhin groß und rot ist und gelegentlich blinkt.

Und falls du irgendwann entscheidest, dass Sie möchten, darfst du den großen roten Knopf drücken. Oder nicht. Das liegt bei Ihnen. Vollständig bei dir. In Ihrer eigenen Zeit."," hallo noch einmal. Und wir kommen noch einmal. Danke, dass sie zum zweiten Mal hier bist. Du machst das wieder bereits wunderbar. Dies ist die zweite Instruktion für die Wissenschaft. Wir halten fast alle Bedingungen gleich. Die selbe Dauer, die selbe allgemeine Anordnung der Gedanken, der selbe Knopf oder so nah der selbe wie Wissenschaft ist schafft, während sie höflich so tut als sei das alles vollkommen natürlich. Natürlich gibt es ein Problem. Du kannst den großen roten Knopf nur einmal zum ersten Mal erleben. Trotzdem bitten wir sie ihm noch einmal zu begegnen, als wäre es wieder das erste Mal. Zum zweiten Mal gibt es nichts, was du beweisen musst. Nichts, was sie erreichen müssen. Du kannst einfach hier sein, in diesem Raum. Sie dürfen sich Zeit nehmen. Und falls du irgendwann möchtest, dürfen sie den großen roten Knopf drücken. Nur wenn du möchtest. Natürlich gibt es kein Druck. Sie müssen ihn nicht drücken. Nicht jetzt, nicht später, niemals. Aber wenn du willst, kannst du den großen roten Knopf drücken. Du könnt auch einfach herum sitzen und während der Studie nichts tun. Das ist vollständig erlaubt, vollständig innen überlassen. Nichts zu tun, heißt immer noch es richtig zu machen. Sich umzusehen ist eine gültige Wahl. Und wenn sie möchten, darfst du den großen roten Knopf drücken. Erst immer noch groß, auffällig groß, überraschend groß. Größer als ein Knopf eigentlich sein müsste. Aber das gehört zu seinem Scharm. Ein großer Knopf mit großer Anwesenheit und rot. Unbestreitbar rot. Die Adroht, die sich nicht versteckt. Die Adroht, die weiß, was sie ist. Ein großer roter Knopf, der auf rote Weise Knopfartig ist. Von Zeit zu Zeit bemerken sie vielleicht ein Blinken. Ein Blinken. Nicht um dich zu hezeln. Nicht um sie unter Druck zu setzen. Nur um daran zu erinnern, dass er da ist. Gros, rot, verfügbar. Ab und zu blinken als würde er sagen, ich bin der große rote Knopf. Wenn du mich drücken möchtest, können sie das tun. Und wenn sie nicht möchten, ist das in Ordnung. Und wenn du möchtest, kannst sie mich jetzt drücken, oder später, oder überhaupt nicht. Denn ja, dies ist die zweite Instruktion. Die Wortsaal ist nun ja, ernsthaft bemüht. Trotzdem bitten wir sie, den Knopf mit erstmal Aufmerksamkeit zu behandeln. Wissenschaft lieb solche Klein- und Möglichkeiten. Sehr praktisch, sehr sauber, überhaupt nicht komisch. Also nehmen sie sich bitte Zeit. Sie den großen roten Knopf an. Oder sehen sie ihn nicht an. Denken sie anstrücken, oder denkt nicht daran. Drücken sie ihn, wenn du möchtest. Und wenn sie nicht möchten, kannst du herum sitzen. Nichts tun. Friedlich, sanft, perfekt. Während der große rote Knopf weiterhin groß und rot ist und gelegentlich blinkt. Und falls du irgendwann entscheidest, dass sie möchten, darfst du den großen roten Knopf drücken. Oder nicht. Das liegt bei ihn. Vollständig bei dir, in ihrer eigenen Zeit.","German localized condition 2: matched second instruction with jokes about second exposure, scientific neatness, and the same optional button pressing.","transcripts/de_de/aud_0110_condition_2_instructions__de_de.script.txt","elevenlabs","IVxgxz5EgbHtWNcgBjOV","eleven_v3","de","mp3_44100_128","mixed","2026-06-17T01:24:29+02:00","German localized ElevenLabs v3 speech. Custom narration intentionally mixes du/Sie awkwardly for dry absurdist tone; validated/adapted questionnaire wording preserves measurement meaning before the register joke. Whisper tiny re-transcript stored for audit. Long condition speech was pause-fitted and remixed with backgroundMusic at 44.1 kHz to match the English target duration exactly.","For-AI/german-localization-register-policy.md; ../audio-assets/localized/manifest.json; docs/audio-script-lookup-table.csv"
"aud_0200","prior_button_experience_question","en-US","English source/fallback","prior_big_red_button_experience","question_prompt","speech","yes","yes","One-time prior Big Red Button experience prompt after demographics and before condition 1, shown in the transparent counter/button location while the 3D button/collider remain hidden.","Yes/No options stay hidden until the question clip completes; prompt occurs only once before condition 1.","playLocalizedAssetCue(AUDIO_ID_PRIOR_QUESTION, ...); BRB_PRIOR_BUTTON_EXPERIENCE_QUESTION_CUE","assets/localized/en_us/aud_0200_prior_experience_question__en_us.mp3","../audio-assets/localized/en_us/aud_0200_prior_experience_question__en_us.mp3","735ACE7698E8D085A693B29FB231A21718E364FE61F09B643EA03C37F80FDCFB","../audio-assets/localized/manifest.json > assets.aud_0200.locales.en-US","../audio-assets/localized/en_us/aud_0200_prior_experience_question__en_us.mp3","735ACE7698E8D085A693B29FB231A21718E364FE61F09B643EA03C37F80FDCFB","","10527","","10527","no","humor_localize","","Oh wait, we have just one more question: Do you have any experience with pressing big red buttons?","Oh wait, we have just one more question: Do you have any experience with pressing big red buttons?","","","","","","","","","source","","English is the source/fallback stimulus; preserve byte-for-byte unless study design changes.","app/src/main/java/org/bigredbutton/firststudy/BigRedButtonStudyActivity.kt:5539,5636,5640,5642,6942"
"aud_0200","prior_button_experience_question","ja-JP","Japanese localized","prior_big_red_button_experience","question_prompt","speech","yes","yes","One-time prior Big Red Button experience prompt after demographics and before condition 1, shown in the transparent counter/button location while the 3D button/collider remain hidden.","Yes/No options stay hidden until the question clip completes; prompt occurs only once before condition 1.","playLocalizedAssetCue(AUDIO_ID_PRIOR_QUESTION, ...); BRB_PRIOR_BUTTON_EXPERIENCE_QUESTION_CUE","assets/localized/ja_jp/aud_0200_prior_experience_question__ja_jp.mp3","../audio-assets/localized/ja_jp/aud_0200_prior_experience_question__ja_jp.mp3","38331A0A49953FAD513F801547EE2A1336E57B57B73892AD6DFA08320B941F6D","../audio-assets/localized/manifest.json > assets.aud_0200.locales.ja-JP","../audio-assets/localized/ja_jp/aud_0200_prior_experience_question__ja_jp.mp3","38331A0A49953FAD513F801547EE2A1336E57B57B73892AD6DFA08320B941F6D","","10449","10449","10527","no","humor_localize","","Oh wait, we have just one more question: Do you have any experience with pressing big red buttons?","あ、待ってください。最後にもう一つだけ質問があります。大きな赤いボタンを押した経験はありますか？","あ、待ってください最後にもう一つだけ質問があります大きな赤いボタンを押した経験はありますか?","Oh, wait. There is just one final question. Do you have any experience pressing big red buttons?","../audio-assets/localized/transcripts/ja_jp/aud_0200_prior_experience_question__ja_jp.script.txt
../audio-assets/localized/transcripts/ja_jp/aud_0200_prior_experience_question__ja_jp.json
../audio-assets/localized/transcripts/ja_jp/aud_0200_prior_experience_question__ja_jp.backtranslation.txt","elevenlabs","IVxgxz5EgbHtWNcgBjOV","eleven_v3","ja","mp3_44100_128","generated","2026-06-12T16:43:09.5168470+02:00","Edit audio-assets/localized/transcripts/ja_jp/aud_0200_prior_experience_question__ja_jp.script.txt; run tools/new-elevenlabs-japanese-audio.ps1 -AudioId aud_0200 -KeyPath <key-file>; then update manifest and transcribe.","app/src/main/java/org/bigredbutton/firststudy/BigRedButtonStudyActivity.kt:5539,5636,5640,5642,6942"
"aud_0200","prior_button_experience_question","de-DE","German localized","prior_big_red_button_experience","question_prompt","speech","yes","yes","One-time prior Big Red Button experience prompt after demographics and before condition 1, shown in the transparent counter/button location while the 3D button/collider remain hidden.","Yes/No options stay hidden until the question clip completes; prompt occurs only once before condition 1.","playLocalizedAssetCue(AUDIO_ID_PRIOR_QUESTION, ...); BRB_PRIOR_BUTTON_EXPERIENCE_QUESTION_CUE","assets/localized/de_de/aud_0200_prior_experience_question__de_de.mp3","../audio-assets/localized/de_de/aud_0200_prior_experience_question__de_de.mp3","DBC7E3CD17495205A368CB9C8E65B9DDA9E38F54ED48BF2E65103856306C01C4","../audio-assets/localized/manifest.json > assets.aud_0200.locales.de-DE","../audio-assets/localized/de_de/aud_0200_prior_experience_question__de_de.mp3","DBC7E3CD17495205A368CB9C8E65B9DDA9E38F54ED48BF2E65103856306C01C4","German ElevenLabs localization from English source transcript.","11912","11912","10527","no","humor_localize; german_awkward_mixed_du_sie_except_validated_questionnaires","","Oh wait, we have just one more question: Do you have any experience with pressing big red buttons?","Oh, warten Sie. Wir haben noch genau eine Frage für dich: Hast du Erfahrung damit, große rote Knöpfe zu drücken?"," Oh, warten Sie. Wir haben noch genau eine Frage für dich. Hast du Erfahrung damit, große Rote knapp für zu drücken?","One more question: do you have experience pressing big red buttons?","transcripts/de_de/aud_0200_prior_experience_question__de_de.script.txt","elevenlabs","IVxgxz5EgbHtWNcgBjOV","eleven_v3","de","mp3_44100_128","generated","2026-06-17T01:24:29+02:00","German localized ElevenLabs v3 speech. Custom narration intentionally mixes du/Sie awkwardly for dry absurdist tone; validated/adapted questionnaire wording preserves measurement meaning before the register joke. Whisper tiny re-transcript stored for audit.","For-AI/german-localization-register-policy.md; ../audio-assets/localized/manifest.json; docs/audio-script-lookup-table.csv"
"aud_0210","prior_button_experience_yes","en-US","English source/fallback","prior_big_red_button_experience","yes_feedback","speech","yes","yes","Prior Big Red Button experience prompt; plays after the participant selects Yes.","After completion, the app waits through the logged 4 second pause before pre-start instructions; the Start experiment control remains hidden.","playPriorButtonExperienceFeedbackCue(...); BRB_PRIOR_BUTTON_EXPERIENCE_FEEDBACK_CUE answer=yes","assets/localized/en_us/aud_0210_prior_experience_yes_feedback__en_us.mp3","../audio-assets/localized/en_us/aud_0210_prior_experience_yes_feedback__en_us.mp3","3867345F273BE83B7AB769961286A90F4E22EAA48730CA0B31C13BEEAA21DFEE","../audio-assets/localized/manifest.json > assets.aud_0210.locales.en-US","../audio-assets/localized/en_us/aud_0210_prior_experience_yes_feedback__en_us.mp3","3867345F273BE83B7AB769961286A90F4E22EAA48730CA0B31C13BEEAA21DFEE","","5251","","5251","no","humor_localize","","An experienced user, just the type of participant we need.","An experienced user, just the type of participant we need.","","","","","","","","","source","","English is the source/fallback stimulus; preserve byte-for-byte unless study design changes.","app/src/main/java/org/bigredbutton/firststudy/BigRedButtonStudyActivity.kt:5668,5674,5690,5696,5718,6943"
"aud_0210","prior_button_experience_yes","ja-JP","Japanese localized","prior_big_red_button_experience","yes_feedback","speech","yes","yes","Prior Big Red Button experience prompt; plays after the participant selects Yes.","After completion, the app waits through the logged 4 second pause before pre-start instructions; the Start experiment control remains hidden.","playPriorButtonExperienceFeedbackCue(...); BRB_PRIOR_BUTTON_EXPERIENCE_FEEDBACK_CUE answer=yes","assets/localized/ja_jp/aud_0210_prior_experience_yes_feedback__ja_jp.mp3","../audio-assets/localized/ja_jp/aud_0210_prior_experience_yes_feedback__ja_jp.mp3","C310E9600C57488089CF4F66DF621CC01527A17AB6BD09D3D1D56AAFAD29540A","../audio-assets/localized/manifest.json > assets.aud_0210.locales.ja-JP","../audio-assets/localized/ja_jp/aud_0210_prior_experience_yes_feedback__ja_jp.mp3","C310E9600C57488089CF4F66DF621CC01527A17AB6BD09D3D1D56AAFAD29540A","","8281","8281","5251","no","humor_localize","","An experienced user, just the type of participant we need.","経験者ですね。まさに我々が必要としていた参加者です。","経験者ですねまさに我々が必要としていた参加者です","An experienced user. Exactly the kind of participant we need.","../audio-assets/localized/transcripts/ja_jp/aud_0210_prior_experience_yes_feedback__ja_jp.script.txt
../audio-assets/localized/transcripts/ja_jp/aud_0210_prior_experience_yes_feedback__ja_jp.json
../audio-assets/localized/transcripts/ja_jp/aud_0210_prior_experience_yes_feedback__ja_jp.backtranslation.txt","elevenlabs","IVxgxz5EgbHtWNcgBjOV","eleven_v3","ja","mp3_44100_128","generated","2026-06-12T16:43:09.5168470+02:00","Edit audio-assets/localized/transcripts/ja_jp/aud_0210_prior_experience_yes_feedback__ja_jp.script.txt; run tools/new-elevenlabs-japanese-audio.ps1 -AudioId aud_0210 -KeyPath <key-file>; then update manifest and transcribe.","app/src/main/java/org/bigredbutton/firststudy/BigRedButtonStudyActivity.kt:5668,5674,5690,5696,5718,6943"
"aud_0210","prior_button_experience_yes","de-DE","German localized","prior_big_red_button_experience","yes_feedback","speech","yes","yes","Prior Big Red Button experience prompt; plays after the participant selects Yes.","After completion, the app waits through the logged 4 second pause before pre-start instructions; the Start experiment control remains hidden.","playPriorButtonExperienceFeedbackCue(...); BRB_PRIOR_BUTTON_EXPERIENCE_FEEDBACK_CUE answer=yes","assets/localized/de_de/aud_0210_prior_experience_yes_feedback__de_de.mp3","../audio-assets/localized/de_de/aud_0210_prior_experience_yes_feedback__de_de.mp3","0B346FC1F5AB7EF4E8D110963BDA0685AC84EB253A42E3FEE815C4148E99CBC0","../audio-assets/localized/manifest.json > assets.aud_0210.locales.de-DE","../audio-assets/localized/de_de/aud_0210_prior_experience_yes_feedback__de_de.mp3","0B346FC1F5AB7EF4E8D110963BDA0685AC84EB253A42E3FEE815C4148E99CBC0","German ElevenLabs localization from English source transcript.","8072","8072","5251","no","humor_localize; german_awkward_mixed_du_sie_except_validated_questionnaires","","An experienced user, just the type of participant we need.","Ein erfahrener Nutzer. Genau die Art Teilnehmer, die wir für Ihre kleine Knopfkarriere brauchen."," Ein erfahrener Nutzer, genau die Art Teilnehmer, die wir für ihre kleine Knopfkarriere brauchen.","An experienced user, just the kind of participant needed.","transcripts/de_de/aud_0210_prior_experience_yes_feedback__de_de.script.txt","elevenlabs","IVxgxz5EgbHtWNcgBjOV","eleven_v3","de","mp3_44100_128","generated","2026-06-17T01:24:29+02:00","German localized ElevenLabs v3 speech. Custom narration intentionally mixes du/Sie awkwardly for dry absurdist tone; validated/adapted questionnaire wording preserves measurement meaning before the register joke. Whisper tiny re-transcript stored for audit.","For-AI/german-localization-register-policy.md; ../audio-assets/localized/manifest.json; docs/audio-script-lookup-table.csv"
"aud_0220","prior_button_experience_no","en-US","English source/fallback","prior_big_red_button_experience","no_feedback","speech","yes","yes","Prior Big Red Button experience prompt; plays after the participant selects No.","After completion, the app waits through the logged 4 second pause before pre-start instructions; the Start experiment control remains hidden.","playPriorButtonExperienceFeedbackCue(...); BRB_PRIOR_BUTTON_EXPERIENCE_FEEDBACK_CUE answer=no","assets/localized/en_us/aud_0220_prior_experience_no_feedback__en_us.mp3","../audio-assets/localized/en_us/aud_0220_prior_experience_no_feedback__en_us.mp3","30BE2B59158189DF8EFC7F2DFD1B4BD9CABDFC13400EE6F79227CFE0D2F508E9","../audio-assets/localized/manifest.json > assets.aud_0220.locales.en-US","../audio-assets/localized/en_us/aud_0220_prior_experience_no_feedback__en_us.mp3","30BE2B59158189DF8EFC7F2DFD1B4BD9CABDFC13400EE6F79227CFE0D2F508E9","","4284","","4284","no","humor_localize","","No? Well than you are in for a treat!","No? Well than you are in for a treat!","","","","","","","","","source","","English is the source/fallback stimulus; preserve byte-for-byte unless study design changes.","app/src/main/java/org/bigredbutton/firststudy/BigRedButtonStudyActivity.kt:5670,5676,5690,5696,5718,6944"
"aud_0220","prior_button_experience_no","ja-JP","Japanese localized","prior_big_red_button_experience","no_feedback","speech","yes","yes","Prior Big Red Button experience prompt; plays after the participant selects No.","After completion, the app waits through the logged 4 second pause before pre-start instructions; the Start experiment control remains hidden.","playPriorButtonExperienceFeedbackCue(...); BRB_PRIOR_BUTTON_EXPERIENCE_FEEDBACK_CUE answer=no","assets/localized/ja_jp/aud_0220_prior_experience_no_feedback__ja_jp.mp3","../audio-assets/localized/ja_jp/aud_0220_prior_experience_no_feedback__ja_jp.mp3","7CE67F9A646230E79E54F1CB8C199ECA0B068D05963E7452FD8FC053F2F7DEC7","../audio-assets/localized/manifest.json > assets.aud_0220.locales.ja-JP","../audio-assets/localized/ja_jp/aud_0220_prior_experience_no_feedback__ja_jp.mp3","7CE67F9A646230E79E54F1CB8C199ECA0B068D05963E7452FD8FC053F2F7DEC7","","5146","5146","4284","no","humor_localize","","No? Well than you are in for a treat!","ない？それなら、かなり楽しいことになりますよ。","ない? それならかなり楽しいことになりますよ","No? Then you are in for a treat.","../audio-assets/localized/transcripts/ja_jp/aud_0220_prior_experience_no_feedback__ja_jp.script.txt
../audio-assets/localized/transcripts/ja_jp/aud_0220_prior_experience_no_feedback__ja_jp.json
../audio-assets/localized/transcripts/ja_jp/aud_0220_prior_experience_no_feedback__ja_jp.backtranslation.txt","elevenlabs","IVxgxz5EgbHtWNcgBjOV","eleven_v3","ja","mp3_44100_128","generated","2026-06-12T16:43:09.5168470+02:00","Edit audio-assets/localized/transcripts/ja_jp/aud_0220_prior_experience_no_feedback__ja_jp.script.txt; run tools/new-elevenlabs-japanese-audio.ps1 -AudioId aud_0220 -KeyPath <key-file>; then update manifest and transcribe.","app/src/main/java/org/bigredbutton/firststudy/BigRedButtonStudyActivity.kt:5670,5676,5690,5696,5718,6944"
"aud_0220","prior_button_experience_no","de-DE","German localized","prior_big_red_button_experience","no_feedback","speech","yes","yes","Prior Big Red Button experience prompt; plays after the participant selects No.","After completion, the app waits through the logged 4 second pause before pre-start instructions; the Start experiment control remains hidden.","playPriorButtonExperienceFeedbackCue(...); BRB_PRIOR_BUTTON_EXPERIENCE_FEEDBACK_CUE answer=no","assets/localized/de_de/aud_0220_prior_experience_no_feedback__de_de.mp3","../audio-assets/localized/de_de/aud_0220_prior_experience_no_feedback__de_de.mp3","4496350D332606A3EECAEE11D8EEF8DF6C0CEAE67F236B76302F67566793A1F5","../audio-assets/localized/manifest.json > assets.aud_0220.locales.de-DE","../audio-assets/localized/de_de/aud_0220_prior_experience_no_feedback__de_de.mp3","4496350D332606A3EECAEE11D8EEF8DF6C0CEAE67F236B76302F67566793A1F5","German ElevenLabs localization from English source transcript.","8882","8882","4284","no","humor_localize; german_awkward_mixed_du_sie_except_validated_questionnaires","","No? Well than you are in for a treat!","Nein? Dann erwartet Sie etwas Besonderes. Du bist, wissenschaftlich gesehen, noch ungedrückt."," Nein, dann erwartet sie etwas Besonderes. Du bist wissenschaftlich gesehen, noch ungetrückt.","No? Then you are in for something special; scientifically, still unpressed.","transcripts/de_de/aud_0220_prior_experience_no_feedback__de_de.script.txt","elevenlabs","IVxgxz5EgbHtWNcgBjOV","eleven_v3","de","mp3_44100_128","generated","2026-06-17T01:24:29+02:00","German localized ElevenLabs v3 speech. Custom narration intentionally mixes du/Sie awkwardly for dry absurdist tone; validated/adapted questionnaire wording preserves measurement meaning before the register joke. Whisper tiny re-transcript stored for audit.","For-AI/german-localization-register-policy.md; ../audio-assets/localized/manifest.json; docs/audio-script-lookup-table.csv"
"aud_0230","pre_start_instructions","en-US","English source/fallback","prior_big_red_button_experience","pre_start_instructions","speech","yes","yes","Prior Big Red Button experience gate; plays after selected feedback plus the 4 second pause and before Start experiment appears.","Start experiment remains hidden until this clip completes.","playLocalizedAssetCue(AUDIO_ID_PRE_START, ...); BRB_PRIOR_BUTTON_EXPERIENCE_PRE_START_CUE","assets/localized/en_us/aud_0230_pre_start_instructions__en_us.mp3","../audio-assets/localized/en_us/aud_0230_pre_start_instructions__en_us.mp3","82E4F551785BF893D3686258F8072E3F46B8B4BF675CD21898BD790C70C13C27","../audio-assets/localized/manifest.json > assets.aud_0230.locales.en-US","../audio-assets/localized/en_us/aud_0230_pre_start_instructions__en_us.mp3","82E4F551785BF893D3686258F8072E3F46B8B4BF675CD21898BD790C70C13C27","","34273","","34273","no","instruction_literal","","Well then, consider this as your onboarding instruction. You may practice the ancient art of button pressing. By the way, did you know that the first electric push buttons were invented around the 1880s to operate domestic devices? Ah, but this getting a bit off topic. Where were we? Oh yes. You may practice the ancient art of button pressing before the experiment, by pressing the start experiment button. Enjoy.","Well then, consider this as your onboarding instruction. You may practice the ancient art of button pressing. By the way, did you know that the first electric push buttons were invented around the 1880s to operate domestic devices? Ah, but this getting a bit off topic. Where were we? Oh yes. You may practice the ancient art of button pressing before the experiment, by pressing the start experiment button. Enjoy.","Well then, consider this as your onboarding instruction. You may practice the ancient art of button pressing. By the way, did you know that the first electric push buttons were invented around the 1880s to operate domestic devices? Ah, but this getting a bit off topic. Where were we? Oh yes. You may practice the ancient art of button pressing before the experiment, by pressing the start experiment button. Enjoy.","","../audio-assets/localized/transcripts/en_us/aud_0230_pre_start_instructions__en_us.json","","","","","","source","","English is the source/fallback stimulus; preserve byte-for-byte unless study design changes.","app/src/main/java/org/bigredbutton/firststudy/BigRedButtonStudyActivity.kt:5722,5738,5743,5747,5749,5773,6945"
"aud_0230","pre_start_instructions","ja-JP","Japanese localized","prior_big_red_button_experience","pre_start_instructions","speech","yes","yes","Prior Big Red Button experience gate; plays after selected feedback plus the 4 second pause and before Start experiment appears.","Start experiment remains hidden until this clip completes.","playLocalizedAssetCue(AUDIO_ID_PRE_START, ...); BRB_PRIOR_BUTTON_EXPERIENCE_PRE_START_CUE","assets/localized/ja_jp/aud_0230_pre_start_instructions__ja_jp.mp3","../audio-assets/localized/ja_jp/aud_0230_pre_start_instructions__ja_jp.mp3","E7C1F1DAB3F0129A907B1EC92CD02590A3536CC38C1858E47B9A81BD52E86FE2","../audio-assets/localized/manifest.json > assets.aud_0230.locales.ja-JP","../audio-assets/localized/ja_jp/aud_0230_pre_start_instructions__ja_jp.mp3","E7C1F1DAB3F0129A907B1EC92CD02590A3536CC38C1858E47B9A81BD52E86FE2","","47804","47804","34273","no","instruction_literal","","Well then, consider this as your onboarding instruction. You may practice the ancient art of button pressing. By the way, did you know that the first electric push buttons were invented around the 1880s to operate domestic devices? Ah, but this getting a bit off topic. Where were we? Oh yes. You may practice the ancient art of button pressing before the experiment, by pressing the start experiment button. Enjoy.","それでは、これをオンボーディング説明だと思ってください。あなたは、ボタン押しという古代の技を練習できます。ところで、最初の電気式押しボタンは家庭用機器を操作するために1880年代ごろに発明されたことをご存じでしたか。あ、少し話がそれましたね。どこまで話しましたっけ。そうでした。実験の前に「実験を開始」ボタンを押して、ボタン押しという古代の技を練習できます。どうぞお楽しみください。","それではこれをオンボーディング説明だと思ってくださいあなたはボタン押しという古代の技を練習できますところで最初の電気式押しボタンは家庭用機器を操作するために1880年代頃に発明されたことをご存知でしたかあ、少し話がそれましたねどこまで話しましたっけそうでした実験の前に実験を開始ボタンを押してボタン押しという古代の技を練習できますどうぞお楽しみください","Think of this as your onboarding instruction. You may practice the ancient art of button pressing. As an aside, did you know that the first electric push buttons were invented around the 1880s to operate household devices? That is a little off topic. Before the experiment, press the Start experiment button and practice the ancient art of button pressing. Enjoy.","../audio-assets/localized/transcripts/ja_jp/aud_0230_pre_start_instructions__ja_jp.script.txt
../audio-assets/localized/transcripts/ja_jp/aud_0230_pre_start_instructions__ja_jp.json
../audio-assets/localized/transcripts/ja_jp/aud_0230_pre_start_instructions__ja_jp.backtranslation.txt","elevenlabs","IVxgxz5EgbHtWNcgBjOV","eleven_v3","ja","mp3_44100_128","generated","2026-06-12T16:43:09.5168470+02:00","Edit audio-assets/localized/transcripts/ja_jp/aud_0230_pre_start_instructions__ja_jp.script.txt; run tools/new-elevenlabs-japanese-audio.ps1 -AudioId aud_0230 -KeyPath <key-file>; then update manifest and transcribe.","app/src/main/java/org/bigredbutton/firststudy/BigRedButtonStudyActivity.kt:5722,5738,5743,5747,5749,5773,6945"
"aud_0230","pre_start_instructions","de-DE","German localized","prior_big_red_button_experience","pre_start_instructions","speech","yes","yes","Prior Big Red Button experience gate; plays after selected feedback plus the 4 second pause and before Start experiment appears.","Start experiment remains hidden until this clip completes.","playLocalizedAssetCue(AUDIO_ID_PRE_START, ...); BRB_PRIOR_BUTTON_EXPERIENCE_PRE_START_CUE","assets/localized/de_de/aud_0230_pre_start_instructions__de_de.mp3","../audio-assets/localized/de_de/aud_0230_pre_start_instructions__de_de.mp3","A853CD44EECB4EF7C38B69B38F44061B0A16A446CDCD50BB71CEA6C46FFAC918","../audio-assets/localized/manifest.json > assets.aud_0230.locales.de-DE","../audio-assets/localized/de_de/aud_0230_pre_start_instructions__de_de.mp3","A853CD44EECB4EF7C38B69B38F44061B0A16A446CDCD50BB71CEA6C46FFAC918","German ElevenLabs localization from English source transcript.","43912","43912","34273","no","instruction_literal; german_awkward_mixed_du_sie_except_validated_questionnaires","","Well then, consider this as your onboarding instruction. You may practice the ancient art of button pressing. By the way, did you know that the first electric push buttons were invented around the 1880s to operate domestic devices? Ah, but this getting a bit off topic. Where were we? Oh yes. You may practice the ancient art of button pressing before the experiment, by pressing the start experiment button. Enjoy.","Nun gut, betrachten Sie dies als deine Einweisung. Du darfst die alte Kunst des Knopfdrückens üben. Übrigens, wussten Sie, dass die ersten elektrischen Druckknöpfe um die 1880er Jahre herum zur Bedienung häuslicher Geräte erfunden wurden? Ah, aber das wird etwas themenfremd. Wo waren wir? Ach ja. Sie dürfen die alte Kunst des Knopfdrückens vor dem Experiment üben, indem du den Start-Experiment-Knopf drückst. Viel Vergnügen."," Nun gut, betrachten Sie dies als Deine Einweisung, und darfst die alte Kunst des Knopfdrückens üben. Übrigens, wussten Sie, dass die ersten elektrischen Drucknöpfe, um die 1880er Jahre herum zur Bedienung häuslicher Geräte erfunden wurden? Aber das wird etwas Themen fremd. Oh waren wir. Ach ja, Sie dürfen die alte Kunst des Knopfdrückens vor dem Experiment üben, indem du den Staat experiment Knopfdrückst. Viel Vergnügen.","Onboarding instructions with a humorous push-button history aside; press Start experiment to begin.","transcripts/de_de/aud_0230_pre_start_instructions__de_de.script.txt","elevenlabs","IVxgxz5EgbHtWNcgBjOV","eleven_v3","de","mp3_44100_128","generated","2026-06-17T01:24:29+02:00","German localized ElevenLabs v3 speech. Custom narration intentionally mixes du/Sie awkwardly for dry absurdist tone; validated/adapted questionnaire wording preserves measurement meaning before the register joke. Whisper tiny re-transcript stored for audit.","For-AI/german-localization-register-policy.md; ../audio-assets/localized/manifest.json; docs/audio-script-lookup-table.csv"
"aud_0300","first_questionnaire_change","en-US","English source/fallback","redness_changeover","vas_to_likert_changeover","speech","yes","yes","Post-condition-1 Button Experience redness item; plays after the first VAS redness answer and converts VAS to seven Likert boxes.","Save remains blocked during participant-facing changeover. Micro-events are transcript-timed; qkv may shortcut with explicit validationShortcut=true.","playRednessScaleConversionCue(vas_then_likert); BRB_REDNESS_SCALE_CONVERSION_CUE; BRB_REDNESS_SCALE_CONVERSION_MICRO_EVENT","assets/localized/en_us/aud_0300_redness_vas_to_likert_changeover__en_us.mp3","../audio-assets/localized/en_us/aud_0300_redness_vas_to_likert_changeover__en_us.mp3","F49538CB8B41959C95B760F6A7CF5B63D2BDC9D979C40739A10DA2AAED50570D","../audio-assets/localized/manifest.json > assets.aud_0300.locales.en-US","../audio-assets/localized/en_us/aud_0300_redness_vas_to_likert_changeover__en_us.mp3","F49538CB8B41959C95B760F6A7CF5B63D2BDC9D979C40739A10DA2AAED50570D","","22988","","22988","no","humor_localize_psychometric_context","","Uh, actually I just had a talk with my supervisor, he really wants this question-air item to be a like-ert scale for some reason. Must have been validated that way. Well, you already answered it, but let's just change it anyway. I'm sure it won't change the end result.","Uh, actually I just had a talk with my supervisor, he really wants this question-air item to be a like-ert scale for some reason. Must have been validated that way. Well, you already answered it, but let's just change it anyway. I'm sure it won't change the end result.","Uh, actually I just had a talk with my supervisor, he really wants this question-air item to be a like-ert scale for some reason. Must have been validated that way. Well, you already answered it, but let's just change it anyway. I'm sure it won't change the end result.","","../audio-assets/localized/transcripts/en_us/aud_0300_redness_vas_to_likert_changeover__en_us.json","","","","","","source","","English is the source/fallback stimulus; preserve byte-for-byte unless study design changes.","app/src/main/java/org/bigredbutton/firststudy/BigRedButtonStudyActivity.kt:1334,1442,1453,5851,5855,5857,6946"
"aud_0300","first_questionnaire_change","ja-JP","Japanese localized","redness_changeover","vas_to_likert_changeover","speech","yes","yes","Post-condition-1 Button Experience redness item; plays after the first VAS redness answer and converts VAS to seven Likert boxes.","Save remains blocked during participant-facing changeover. Micro-events are transcript-timed; qkv may shortcut with explicit validationShortcut=true.","playRednessScaleConversionCue(vas_then_likert); BRB_REDNESS_SCALE_CONVERSION_CUE; BRB_REDNESS_SCALE_CONVERSION_MICRO_EVENT","assets/localized/ja_jp/aud_0300_redness_vas_to_likert_changeover__ja_jp.mp3","../audio-assets/localized/ja_jp/aud_0300_redness_vas_to_likert_changeover__ja_jp.mp3","303A5FFD3ACD8171B1CEA34E552C108FAB3872BCF828C25A8E4154D8E83190D7","../audio-assets/localized/manifest.json > assets.aud_0300.locales.ja-JP","../audio-assets/localized/ja_jp/aud_0300_redness_vas_to_likert_changeover__ja_jp.mp3","303A5FFD3ACD8171B1CEA34E552C108FAB3872BCF828C25A8E4154D8E83190D7","","23327","23327","22988","no","humor_localize_psychometric_context","","Uh, actually I just had a talk with my supervisor, he really wants this question-air item to be a like-ert scale for some reason. Must have been validated that way. Well, you already answered it, but let's just change it anyway. I'm sure it won't change the end result.","あ、実は今、監督者と話したんですが、どういうわけか彼はこの質問票項目をリッカート尺度にしてほしいそうです。たぶん、その形式で妥当性が確認されているんでしょう。まあ、あなたはもう答えてしまったのですが、とりあえず変えてしまいましょう。最終結果は変わらないはずです。","あ、実は今、監督者と話したんですが、どういうわけか彼はこの質問標項目をリッカート尺度にしてほしいそうです。多分、その形式で妥当性が確認されているんでしょう。まあ、あなたはもう答えてしまったのですが、とりあえず変えてしまいましょう。最終結果は変わらないはずです。","Actually, I just spoke with my supervisor, and for some reason he really wants this questionnaire item to be a Likert scale. It must have been validated that way. You already answered it, but we will change it anyway. Surely it will not change the final result.","../audio-assets/localized/transcripts/ja_jp/aud_0300_redness_vas_to_likert_changeover__ja_jp.script.txt
../audio-assets/localized/transcripts/ja_jp/aud_0300_redness_vas_to_likert_changeover__ja_jp.json
../audio-assets/localized/transcripts/ja_jp/aud_0300_redness_vas_to_likert_changeover__ja_jp.backtranslation.txt","elevenlabs","IVxgxz5EgbHtWNcgBjOV","eleven_v3","ja","mp3_44100_128","generated","2026-06-12T16:43:09.5168470+02:00","Edit audio-assets/localized/transcripts/ja_jp/aud_0300_redness_vas_to_likert_changeover__ja_jp.script.txt; run tools/new-elevenlabs-japanese-audio.ps1 -AudioId aud_0300 -KeyPath <key-file>; then update manifest and transcribe.","app/src/main/java/org/bigredbutton/firststudy/BigRedButtonStudyActivity.kt:1334,1442,1453,5851,5855,5857,6946"
"aud_0300","first_questionnaire_change","de-DE","German localized","redness_changeover","vas_to_likert_changeover","speech","yes","yes","Post-condition-1 Button Experience redness item; plays after the first VAS redness answer and converts VAS to seven Likert boxes.","Save remains blocked during participant-facing changeover. Micro-events are transcript-timed; qkv may shortcut with explicit validationShortcut=true.","playRednessScaleConversionCue(vas_then_likert); BRB_REDNESS_SCALE_CONVERSION_CUE; BRB_REDNESS_SCALE_CONVERSION_MICRO_EVENT","assets/localized/de_de/aud_0300_redness_vas_to_likert_changeover__de_de.mp3","../audio-assets/localized/de_de/aud_0300_redness_vas_to_likert_changeover__de_de.mp3","5E3341867700BAA97822C3A090F80E8F75653274B2FE80EC42E916CAB07B05DD","../audio-assets/localized/manifest.json > assets.aud_0300.locales.de-DE","../audio-assets/localized/de_de/aud_0300_redness_vas_to_likert_changeover__de_de.mp3","5E3341867700BAA97822C3A090F80E8F75653274B2FE80EC42E916CAB07B05DD","German ElevenLabs localization from English source transcript.","28891","28891","22988","no","humor_localize_psychometric_context; german_awkward_mixed_du_sie_except_validated_questionnaires","","Uh, actually I just had a talk with my supervisor, he really wants this question-air item to be a like-ert scale for some reason. Must have been validated that way. Well, you already answered it, but let's just change it anyway. I'm sure it won't change the end result.","Äh, eigentlich habe ich gerade mit meinem Betreuer gesprochen. Er möchte aus irgendeinem Grund, dass dieses Fragebogen-Item eine Likert-Skala ist. Muss wohl so validiert worden sein. Sie haben es zwar schon beantwortet, aber wir ändern es trotzdem einfach. Ich bin sicher, das verändert dein Endergebnis überhaupt nicht. Wissenschaftlich beruhigend, wie ein Stuhl in einem Laborflur."," Äh, eigentlich habe ich gerade mit meinem Betreuer gesprochen. Er möchte aus irgendeinem Grund, dass dieses Fragebogen Eitem eine Leikatzgala ist. Muss wohl so qualidiert worden sein. Sie haben es zwar schon beantwortet, aber wir ändern es trotzdem einfach. Ich bin sicher, dass verändert ein Entergebnis überhaupt nicht. Wissen schafftlich beruhigend. Wir ein Stuhl in einem Laborfluer.","Supervisor wants a Likert scale; the item changes after the participant answered, joking it surely will not affect results.","transcripts/de_de/aud_0300_redness_vas_to_likert_changeover__de_de.script.txt","elevenlabs","IVxgxz5EgbHtWNcgBjOV","eleven_v3","de","mp3_44100_128","generated","2026-06-17T01:24:29+02:00","German localized ElevenLabs v3 speech. Custom narration intentionally mixes du/Sie awkwardly for dry absurdist tone; validated/adapted questionnaire wording preserves measurement meaning before the register joke. Whisper tiny re-transcript stored for audit.","For-AI/german-localization-register-policy.md; ../audio-assets/localized/manifest.json; docs/audio-script-lookup-table.csv"
"aud_0310","second_questionnaire_change_excuse","en-US","English source/fallback","redness_changeover","likert_to_vas_changeover","speech","yes","yes","Post-condition-2 Button Experience redness item; plays after the first Likert redness answer and converts Likert boxes back to VAS.","Save remains blocked during participant-facing changeover. Micro-events are transcript-timed; qkv may shortcut with explicit validationShortcut=true.","playRednessScaleConversionCue(likert_then_vas); BRB_REDNESS_SCALE_CONVERSION_CUE; BRB_REDNESS_SCALE_CONVERSION_MICRO_EVENT","assets/localized/en_us/aud_0310_redness_likert_to_vas_changeover__en_us.mp3","../audio-assets/localized/en_us/aud_0310_redness_likert_to_vas_changeover__en_us.mp3","E008B68E8C158A4CD86D89E695A38AB8FC71573F1507051EEBDCFB1C7C796CDC","../audio-assets/localized/manifest.json > assets.aud_0310.locales.en-US","../audio-assets/localized/en_us/aud_0310_redness_likert_to_vas_changeover__en_us.mp3","E008B68E8C158A4CD86D89E695A38AB8FC71573F1507051EEBDCFB1C7C796CDC","","16771","","16771","no","humor_localize_psychometric_context","","Right, so apparently it's not professional to swap experimental designs right in the middle of an experiment. So let's just turn this back into a visual analogue scale and pretend it never happened. Your data is very important to us. We wouldn't want to massage it the wrong way.","Right, so apparently it's not professional to swap experimental designs right in the middle of an experiment. So let's just turn this back into a visual analogue scale and pretend it never happened. Your data is very important to us. We wouldn't want to massage it the wrong way.","Right, so apparently it's not professional to swap experimental designs right in the middle of an experiment. So let's just turn this back into a visual analogue scale and pretend it never happened. Your data is very important to us. We wouldn't want to massage it the wrong way.","","../audio-assets/localized/transcripts/en_us/aud_0310_redness_likert_to_vas_changeover__en_us.json","","","","","","source","","English is the source/fallback stimulus; preserve byte-for-byte unless study design changes.","app/src/main/java/org/bigredbutton/firststudy/BigRedButtonStudyActivity.kt:1355,1442,1453,5866,5869,5871,6947"
"aud_0310","second_questionnaire_change_excuse","ja-JP","Japanese localized","redness_changeover","likert_to_vas_changeover","speech","yes","yes","Post-condition-2 Button Experience redness item; plays after the first Likert redness answer and converts Likert boxes back to VAS.","Save remains blocked during participant-facing changeover. Micro-events are transcript-timed; qkv may shortcut with explicit validationShortcut=true.","playRednessScaleConversionCue(likert_then_vas); BRB_REDNESS_SCALE_CONVERSION_CUE; BRB_REDNESS_SCALE_CONVERSION_MICRO_EVENT","assets/localized/ja_jp/aud_0310_redness_likert_to_vas_changeover__ja_jp.mp3","../audio-assets/localized/ja_jp/aud_0310_redness_likert_to_vas_changeover__ja_jp.mp3","E3354D39EC4323DD90916DACF23B668ED3F2D0BC3CBAB77941F26376D07FDD90","../audio-assets/localized/manifest.json > assets.aud_0310.locales.ja-JP","../audio-assets/localized/ja_jp/aud_0310_redness_likert_to_vas_changeover__ja_jp.mp3","E3354D39EC4323DD90916DACF23B668ED3F2D0BC3CBAB77941F26376D07FDD90","","27559","27559","16771","no","humor_localize_psychometric_context","","Right, so apparently it's not professional to swap experimental designs right in the middle of an experiment. So let's just turn this back into a visual analogue scale and pretend it never happened. Your data is very important to us. We wouldn't want to massage it the wrong way.","はい、どうやら実験デザインを実験の真ん中で入れ替えるのは、あまり専門的ではないそうです。なので、これを視覚アナログ尺度に戻して、何も起きなかったことにしましょう。あなたのデータは私たちにとって非常に重要です。間違った方向にもみほぐしたくはありませんから。","はい、どうやら実験デザインを実験の真ん中で入れ替えるのはあまり専門的ではないそうですなのでこれを四角アナログ尺度に戻して何も起きなかったことにしましょうあなたのデータは私たちにとって非常に重要です間違った方向にもみほぐしたくはありませんから","Apparently it is not professional to swap experimental designs in the middle of an experiment. Let us turn this back into a visual analogue scale and pretend it never happened. Your data is very important to us, and we would not want to massage it in the wrong direction.","../audio-assets/localized/transcripts/ja_jp/aud_0310_redness_likert_to_vas_changeover__ja_jp.script.txt
../audio-assets/localized/transcripts/ja_jp/aud_0310_redness_likert_to_vas_changeover__ja_jp.json
../audio-assets/localized/transcripts/ja_jp/aud_0310_redness_likert_to_vas_changeover__ja_jp.backtranslation.txt","elevenlabs","IVxgxz5EgbHtWNcgBjOV","eleven_v3","ja","mp3_44100_128","generated","2026-06-12T16:43:09.5168470+02:00","Edit audio-assets/localized/transcripts/ja_jp/aud_0310_redness_likert_to_vas_changeover__ja_jp.script.txt; run tools/new-elevenlabs-japanese-audio.ps1 -AudioId aud_0310 -KeyPath <key-file>; then update manifest and transcribe.","app/src/main/java/org/bigredbutton/firststudy/BigRedButtonStudyActivity.kt:1355,1442,1453,5866,5869,5871,6947"
"aud_0310","second_questionnaire_change_excuse","de-DE","German localized","redness_changeover","likert_to_vas_changeover","speech","yes","yes","Post-condition-2 Button Experience redness item; plays after the first Likert redness answer and converts Likert boxes back to VAS.","Save remains blocked during participant-facing changeover. Micro-events are transcript-timed; qkv may shortcut with explicit validationShortcut=true.","playRednessScaleConversionCue(likert_then_vas); BRB_REDNESS_SCALE_CONVERSION_CUE; BRB_REDNESS_SCALE_CONVERSION_MICRO_EVENT","assets/localized/de_de/aud_0310_redness_likert_to_vas_changeover__de_de.mp3","../audio-assets/localized/de_de/aud_0310_redness_likert_to_vas_changeover__de_de.mp3","023E22F18A90229FABE6F6C6C33D630148BE9F3E1BDABA4866DB4D4DADEAE010","../audio-assets/localized/manifest.json > assets.aud_0310.locales.de-DE","../audio-assets/localized/de_de/aud_0310_redness_likert_to_vas_changeover__de_de.mp3","023E22F18A90229FABE6F6C6C33D630148BE9F3E1BDABA4866DB4D4DADEAE010","German ElevenLabs localization from English source transcript.","25130","25130","16771","no","humor_localize_psychometric_context; german_awkward_mixed_du_sie_except_validated_questionnaires","","Right, so apparently it's not professional to swap experimental designs right in the middle of an experiment. So let's just turn this back into a visual analogue scale and pretend it never happened. Your data is very important to us. We wouldn't want to massage it the wrong way.","Richtig, offenbar ist es nicht professionell, mitten in einem Experiment das Design zu wechseln. Sehr überraschend. Also machen wir daraus wieder eine visuelle Analogskala und tun so, als sei nichts passiert. Ihre Daten sind uns sehr wichtig. Wir würden sie natürlich nicht in die falsche Richtung massieren wollen. Nur ganz respektvoll. Für die Wissenschaft."," Richtig offenbar ist es nicht professionell, mitten in einem Experiment, dass die Sein zu wechseln. Sehr überraschend. Also machen wir daraus wieder eine visuelle Analogskala und tun so als Sein nichts passiert. Ihre Daten sind uns sehr wichtig. Wir würden sie natürlich nicht in die falsche Richtung massieren wollen. Nur ganz respektvoll für die Wissenschaft.","Changing designs mid-experiment is unprofessional, so the item returns to a visual analog scale and jokes about not massaging data.","transcripts/de_de/aud_0310_redness_likert_to_vas_changeover__de_de.script.txt","elevenlabs","IVxgxz5EgbHtWNcgBjOV","eleven_v3","de","mp3_44100_128","generated","2026-06-17T01:24:29+02:00","German localized ElevenLabs v3 speech. Custom narration intentionally mixes du/Sie awkwardly for dry absurdist tone; validated/adapted questionnaire wording preserves measurement meaning before the register joke. Whisper tiny re-transcript stored for audit.","For-AI/german-localization-register-policy.md; ../audio-assets/localized/manifest.json; docs/audio-script-lookup-table.csv"
"aud_0500","final_end_confirmation_question_prompt","en-US","English source/fallback","final_end_confirmation","question_prompt","speech","yes","yes","Final end-confirmation prompt after both conditions and post-condition questionnaires.","1-10 options remain hidden until the prompt clip completes.","playLocalizedAssetCue(AUDIO_ID_FINAL_END_QUESTION, ...); BRB_FINAL_END_CONFIRMATION_QUESTION_CUE","assets/localized/en_us/aud_0500_final_end_confirmation_question__en_us.mp3","../audio-assets/localized/en_us/aud_0500_final_end_confirmation_question__en_us.mp3","52CFEF284158C760771C20F8126816C0DFD451EE34639998CEFF4143CDB85F6A","../audio-assets/localized/manifest.json > assets.aud_0500.locales.en-US","../audio-assets/localized/en_us/aud_0500_final_end_confirmation_question__en_us.mp3","52CFEF284158C760771C20F8126816C0DFD451EE34639998CEFF4143CDB85F6A","","5146","","5146","no","instruction_literal","","How sure are you that you want to end the experiment, on a scale of 1 to 10?","How sure are you that you want to end the experiment, on a scale of 1 to 10?","","","","","","","","","source","","English is the source/fallback stimulus; preserve byte-for-byte unless study design changes.","app/src/main/java/org/bigredbutton/firststudy/BigRedButtonStudyActivity.kt:1696,5789,5793,5795,6948"
"aud_0500","final_end_confirmation_question_prompt","ja-JP","Japanese localized","final_end_confirmation","question_prompt","speech","yes","yes","Final end-confirmation prompt after both conditions and post-condition questionnaires.","1-10 options remain hidden until the prompt clip completes.","playLocalizedAssetCue(AUDIO_ID_FINAL_END_QUESTION, ...); BRB_FINAL_END_CONFIRMATION_QUESTION_CUE","assets/localized/ja_jp/aud_0500_final_end_confirmation_question__ja_jp.mp3","../audio-assets/localized/ja_jp/aud_0500_final_end_confirmation_question__ja_jp.mp3","0A70B4353251FA38958B4EC8AA13C25DE3B910D3E8E07387240C4AB824C96975","../audio-assets/localized/manifest.json > assets.aud_0500.locales.ja-JP","../audio-assets/localized/ja_jp/aud_0500_final_end_confirmation_question__ja_jp.mp3","0A70B4353251FA38958B4EC8AA13C25DE3B910D3E8E07387240C4AB824C96975","","8359","8359","5146","no","instruction_literal","","How sure are you that you want to end the experiment, on a scale of 1 to 10?","実験を終了したい確信度は、1から10の尺度でどれくらいですか？","実験を終了したい確診度は1から10の尺度でどれくらいですか","On a scale from 1 to 10, how certain are you that you want to end the experiment?","../audio-assets/localized/transcripts/ja_jp/aud_0500_final_end_confirmation_question__ja_jp.script.txt
../audio-assets/localized/transcripts/ja_jp/aud_0500_final_end_confirmation_question__ja_jp.json
../audio-assets/localized/transcripts/ja_jp/aud_0500_final_end_confirmation_question__ja_jp.backtranslation.txt","elevenlabs","IVxgxz5EgbHtWNcgBjOV","eleven_v3","ja","mp3_44100_128","generated","2026-06-12T16:43:09.5168470+02:00","Edit audio-assets/localized/transcripts/ja_jp/aud_0500_final_end_confirmation_question__ja_jp.script.txt; run tools/new-elevenlabs-japanese-audio.ps1 -AudioId aud_0500 -KeyPath <key-file>; then update manifest and transcribe.","app/src/main/java/org/bigredbutton/firststudy/BigRedButtonStudyActivity.kt:1696,5789,5793,5795,6948"
"aud_0500","final_end_confirmation_question_prompt","de-DE","German localized","final_end_confirmation","question_prompt","speech","yes","yes","Final end-confirmation prompt after both conditions and post-condition questionnaires.","1-10 options remain hidden until the prompt clip completes.","playLocalizedAssetCue(AUDIO_ID_FINAL_END_QUESTION, ...); BRB_FINAL_END_CONFIRMATION_QUESTION_CUE","assets/localized/de_de/aud_0500_final_end_confirmation_question__de_de.mp3","../audio-assets/localized/de_de/aud_0500_final_end_confirmation_question__de_de.mp3","1492937FA12EEED405C5FEF748FC1AA18694A0D496FA9896E4E60DAA8B6DFD57","../audio-assets/localized/manifest.json > assets.aud_0500.locales.de-DE","../audio-assets/localized/de_de/aud_0500_final_end_confirmation_question__de_de.mp3","1492937FA12EEED405C5FEF748FC1AA18694A0D496FA9896E4E60DAA8B6DFD57","German ElevenLabs localization from English source transcript.","7288","7288","5146","no","instruction_literal; german_awkward_mixed_du_sie_except_validated_questionnaires","","How sure are you that you want to end the experiment, on a scale of 1 to 10?","Wie sicher sind Sie, dass du das Experiment beenden möchtest, auf einer Skala von eins bis zehn?"," Die sicher sind sie, dass du das Experiment beenden möchtest, auf einer Skala von 1 bis 10.","How sure are you that you want to end the experiment, from one to ten?","transcripts/de_de/aud_0500_final_end_confirmation_question__de_de.script.txt","elevenlabs","IVxgxz5EgbHtWNcgBjOV","eleven_v3","de","mp3_44100_128","generated","2026-06-17T01:24:29+02:00","German localized ElevenLabs v3 speech. Custom narration intentionally mixes du/Sie awkwardly for dry absurdist tone; validated/adapted questionnaire wording preserves measurement meaning before the register joke. Whisper tiny re-transcript stored for audit.","For-AI/german-localization-register-policy.md; ../audio-assets/localized/manifest.json; docs/audio-script-lookup-table.csv"
"aud_0510","final_end_confirmation_10_feedback","en-US","English source/fallback","final_end_confirmation","ten_feedback","speech","yes","yes","Final end-confirmation feedback when the participant selects 10.","Played before the immediate final end path completes.","playLocalizedAssetCue(AUDIO_ID_FINAL_END_10_FEEDBACK, ...); BRB_FINAL_END_CONFIRMATION_FEEDBACK_CUE","assets/localized/en_us/aud_0510_final_end_confirmation_10_feedback__en_us.mp3","../audio-assets/localized/en_us/aud_0510_final_end_confirmation_10_feedback__en_us.mp3","C119CD2DA25693DA58ECDF90B7A50F13597DE979A469D5AD2D154F8911B8A29F","../audio-assets/localized/manifest.json > assets.aud_0510.locales.en-US","../audio-assets/localized/en_us/aud_0510_final_end_confirmation_10_feedback__en_us.mp3","C119CD2DA25693DA58ECDF90B7A50F13597DE979A469D5AD2D154F8911B8A29F","","16274","","16274","no","humor_localize","","All right then, I guess you can give the VR headset back then if you don't feel like doing any more button presses.","All right then, I guess you can give the VR headset back then if you don't feel like doing any more button presses.","","","","","","","","","source","","English is the source/fallback stimulus; preserve byte-for-byte unless study design changes.","app/src/main/java/org/bigredbutton/firststudy/BigRedButtonStudyActivity.kt:1767,5819,5822,5824,6949"
"aud_0510","final_end_confirmation_10_feedback","ja-JP","Japanese localized","final_end_confirmation","ten_feedback","speech","yes","yes","Final end-confirmation feedback when the participant selects 10.","Played before the immediate final end path completes.","playLocalizedAssetCue(AUDIO_ID_FINAL_END_10_FEEDBACK, ...); BRB_FINAL_END_CONFIRMATION_FEEDBACK_CUE","assets/localized/ja_jp/aud_0510_final_end_confirmation_10_feedback__ja_jp.mp3","../audio-assets/localized/ja_jp/aud_0510_final_end_confirmation_10_feedback__ja_jp.mp3","359EB732A530C567C9FF01E92F7A9FA430803E5523630E3B11910802C343C368","../audio-assets/localized/manifest.json > assets.aud_0510.locales.ja-JP","../audio-assets/localized/ja_jp/aud_0510_final_end_confirmation_10_feedback__ja_jp.mp3","359EB732A530C567C9FF01E92F7A9FA430803E5523630E3B11910802C343C368","","10371","10371","16274","no","humor_localize","","All right then, I guess you can give the VR headset back then if you don't feel like doing any more button presses.","わかりました。それなら、もうボタンを押す気分ではないということで、VRヘッドセットを返してもらって大丈夫そうですね。","分かりました それならもうボタンを好き分ではないということでVRヘッドセットを返してもらって大丈夫そうですね","All right. If you do not feel like pressing the button any more, I suppose you may return the VR headset now.","../audio-assets/localized/transcripts/ja_jp/aud_0510_final_end_confirmation_10_feedback__ja_jp.script.txt
../audio-assets/localized/transcripts/ja_jp/aud_0510_final_end_confirmation_10_feedback__ja_jp.json
../audio-assets/localized/transcripts/ja_jp/aud_0510_final_end_confirmation_10_feedback__ja_jp.backtranslation.txt","elevenlabs","IVxgxz5EgbHtWNcgBjOV","eleven_v3","ja","mp3_44100_128","generated","2026-06-12T16:43:09.5168470+02:00","Edit audio-assets/localized/transcripts/ja_jp/aud_0510_final_end_confirmation_10_feedback__ja_jp.script.txt; run tools/new-elevenlabs-japanese-audio.ps1 -AudioId aud_0510 -KeyPath <key-file>; then update manifest and transcribe.","app/src/main/java/org/bigredbutton/firststudy/BigRedButtonStudyActivity.kt:1767,5819,5822,5824,6949"
"aud_0510","final_end_confirmation_10_feedback","de-DE","German localized","final_end_confirmation","ten_feedback","speech","yes","yes","Final end-confirmation feedback when the participant selects 10.","Played before the immediate final end path completes.","playLocalizedAssetCue(AUDIO_ID_FINAL_END_10_FEEDBACK, ...); BRB_FINAL_END_CONFIRMATION_FEEDBACK_CUE","assets/localized/de_de/aud_0510_final_end_confirmation_10_feedback__de_de.mp3","../audio-assets/localized/de_de/aud_0510_final_end_confirmation_10_feedback__de_de.mp3","DBF58D900732369F1D6C8122803F7AA77E9990E470779DCB1C9E4B7E6ED9C9B7","../audio-assets/localized/manifest.json > assets.aud_0510.locales.de-DE","../audio-assets/localized/de_de/aud_0510_final_end_confirmation_10_feedback__de_de.mp3","DBF58D900732369F1D6C8122803F7AA77E9990E470779DCB1C9E4B7E6ED9C9B7","German ElevenLabs localization from English source transcript.","16405","16405","16274","no","humor_localize; german_awkward_mixed_du_sie_except_validated_questionnaires","","All right then, I guess you can give the VR headset back then if you don't feel like doing any more button presses.","Na gut. Dann können Sie das VR-Headset wohl zurückgeben, wenn du wirklich keine weiteren Knopfdrücke in dir spürst. Das ist akzeptabel. Traurig für den Knopf, aber akzeptabel."," Na gut, dann können Sie das wie Ahezert wohl zurückgeben, wenn du wirklich keine weiteren Knopf drücken dir spürst. Das ist akzeptabel, traurig für den Knopf ab akzeptabel.","You can return the headset if you do not want more button presses; sad for the button, acceptable.","transcripts/de_de/aud_0510_final_end_confirmation_10_feedback__de_de.script.txt","elevenlabs","IVxgxz5EgbHtWNcgBjOV","eleven_v3","de","mp3_44100_128","generated","2026-06-17T01:24:29+02:00","German localized ElevenLabs v3 speech. Custom narration intentionally mixes du/Sie awkwardly for dry absurdist tone; validated/adapted questionnaire wording preserves measurement meaning before the register joke. Whisper tiny re-transcript stored for audit.","For-AI/german-localization-register-policy.md; ../audio-assets/localized/manifest.json; docs/audio-script-lookup-table.csv"
"aud_0600","final_extra_presses_prompt","en-US","English source/fallback","final_extra_presses","extra_presses_prompt","speech","yes","yes","Final extra-presses optional branch when the participant does not select 10 on the end-confirmation scale.","The button model remains hidden while this prompt plays; extra press counting starts only after the prompt audio/hold gate finishes.","playLocalizedAssetCue(AUDIO_ID_FINAL_EXTRA_PRESSES, ...); BRB_FINAL_EXTRA_PROMPT_CUE","assets/localized/en_us/aud_0600_final_extra_presses_prompt__en_us.mp3","../audio-assets/localized/en_us/aud_0600_final_extra_presses_prompt__en_us.mp3","2D8BA3229E920770A8C31C946787A1CCA06D5D6063FD7FC7881ACE8D6988DF35","../audio-assets/localized/manifest.json > assets.aud_0600.locales.en-US","../audio-assets/localized/en_us/aud_0600_final_extra_presses_prompt__en_us.mp3","2D8BA3229E920770A8C31C946787A1CCA06D5D6063FD7FC7881ACE8D6988DF35","","45636","","45636","no","humor_localize","","That is fantastic! I will take your non-decimal response as a big red YES! Yes I want to continue pressing the big red button! Yes the button is big! Yes the button is red! Yes I want to continue pressing it! FOR SCIENCE, for data collection, for the pursuit of knowledge! Only for science! Forever Science. Well then, you may end the experiment, once you pressed the button 1000 more times. Enjoy!","That is fantastic! I will take your non-decimal response as a big red YES! Yes I want to continue pressing the big red button! Yes the button is big! Yes the button is red! Yes I want to continue pressing it! FOR SCIENCE, for data collection, for the pursuit of knowledge! Only for science! Forever Science. Well then, you may end the experiment, once you pressed the button 1000 more times. Enjoy!","","","","","","","","","source","","English is the source/fallback stimulus; preserve byte-for-byte unless study design changes.","app/src/main/java/org/bigredbutton/firststudy/BigRedButtonStudyActivity.kt:1813,1816,1819,1828,5831,5833,6950"
"aud_0600","final_extra_presses_prompt","ja-JP","Japanese localized","final_extra_presses","extra_presses_prompt","speech","yes","yes","Final extra-presses optional branch when the participant does not select 10 on the end-confirmation scale.","The button model remains hidden while this prompt plays; extra press counting starts only after the prompt audio/hold gate finishes.","playLocalizedAssetCue(AUDIO_ID_FINAL_EXTRA_PRESSES, ...); BRB_FINAL_EXTRA_PROMPT_CUE","assets/localized/ja_jp/aud_0600_final_extra_presses_prompt__ja_jp.mp3","../audio-assets/localized/ja_jp/aud_0600_final_extra_presses_prompt__ja_jp.mp3","D9500E03736F1C3F6A561764DB034A8FAC21C7843829B787CBCE32EF1F550C80","../audio-assets/localized/manifest.json > assets.aud_0600.locales.ja-JP","../audio-assets/localized/ja_jp/aud_0600_final_extra_presses_prompt__ja_jp.mp3","D9500E03736F1C3F6A561764DB034A8FAC21C7843829B787CBCE32EF1F550C80","","49084","49084","45636","no","humor_localize","","That is fantastic! I will take your non-decimal response as a big red YES! Yes I want to continue pressing the big red button! Yes the button is big! Yes the button is red! Yes I want to continue pressing it! FOR SCIENCE, for data collection, for the pursuit of knowledge! Only for science! Forever Science. Well then, you may end the experiment, once you pressed the button 1000 more times. Enjoy!","すばらしい！小数ではないその回答は、大きく赤い「はい」と受け取ります！はい、私は大きな赤いボタンを押し続けたい！はい、ボタンは大きい！はい、ボタンは赤い！はい、押し続けたい！科学のために、データ収集のために、知識の探求のために！科学だけのために！永遠に科学。では、あと1000回ボタンを押したら、実験を終了してかまいません。楽しんでください！","素晴らしい小数ではないその回答は大きく赤いはい、と受け取りますはい、私は大きな赤いボタンを押し続けたいはい、ボタンは大きいはい、ボタンは赤いはい、押し続けたい科学のためにデータ収集のために知識の探求のために科学だけのために永遠に科学では、あと1000回ボタンを押したら実験を終了して構いません楽しんでください","Wonderful. I will take that non-decimal answer as a big red yes. Yes, I want to keep pressing the big red button. Yes, the button is big. Yes, the button is red. Yes, I want to keep pressing it. For science, for data collection, for the pursuit of knowledge. Only for science. Forever science. Then you may end the experiment after pressing the button 1000 more times. Enjoy.","../audio-assets/localized/transcripts/ja_jp/aud_0600_final_extra_presses_prompt__ja_jp.script.txt
../audio-assets/localized/transcripts/ja_jp/aud_0600_final_extra_presses_prompt__ja_jp.json
../audio-assets/localized/transcripts/ja_jp/aud_0600_final_extra_presses_prompt__ja_jp.backtranslation.txt","elevenlabs","IVxgxz5EgbHtWNcgBjOV","eleven_v3","ja","mp3_44100_128","generated","2026-06-12T16:43:09.5168470+02:00","Edit audio-assets/localized/transcripts/ja_jp/aud_0600_final_extra_presses_prompt__ja_jp.script.txt; run tools/new-elevenlabs-japanese-audio.ps1 -AudioId aud_0600 -KeyPath <key-file>; then update manifest and transcribe.","app/src/main/java/org/bigredbutton/firststudy/BigRedButtonStudyActivity.kt:1813,1816,1819,1828,5831,5833,6950"
"aud_0600","final_extra_presses_prompt","de-DE","German localized","final_extra_presses","extra_presses_prompt","speech","yes","yes","Final extra-presses optional branch when the participant does not select 10 on the end-confirmation scale.","The button model remains hidden while this prompt plays; extra press counting starts only after the prompt audio/hold gate finishes.","playLocalizedAssetCue(AUDIO_ID_FINAL_EXTRA_PRESSES, ...); BRB_FINAL_EXTRA_PROMPT_CUE","assets/localized/de_de/aud_0600_final_extra_presses_prompt__de_de.mp3","../audio-assets/localized/de_de/aud_0600_final_extra_presses_prompt__de_de.mp3","9A5A25B1042D3D192AAE419719AC667AA5A8A916E430292A3C77BA8CF8262890","../audio-assets/localized/manifest.json > assets.aud_0600.locales.de-DE","../audio-assets/localized/de_de/aud_0600_final_extra_presses_prompt__de_de.mp3","9A5A25B1042D3D192AAE419719AC667AA5A8A916E430292A3C77BA8CF8262890","German ElevenLabs localization from English source transcript.","49032","49032","45636","no","humor_localize; german_awkward_mixed_du_sie_except_validated_questionnaires","","That is fantastic! I will take your non-decimal response as a big red YES! Yes I want to continue pressing the big red button! Yes the button is big! Yes the button is red! Yes I want to continue pressing it! FOR SCIENCE, for data collection, for the pursuit of knowledge! Only for science! Forever Science. Well then, you may end the experiment, once you pressed the button 1000 more times. Enjoy!","Ausgezeichnet! Ihre nicht-dezimale Antwort werte ich als ein großes rotes JA. Ja, du möchtest weiter den großen roten Knopf drücken. Ja, der Knopf ist groß. Ja, der Knopf ist rot. Ja, Sie wollen ihn weiter drücken. Für die Wissenschaft, für die Datensammlung, für die Suche nach Erkenntnis. Nur für Wissenschaft. Für immer Wissenschaft. Also dürfen Sie das Experiment beenden, sobald du den Knopf noch eintausend Mal gedrückt hast. Viel Vergnügen."," ausgezeichnet. Ihre nicht detzimale Antwort werte ich als ein großes rotes, ja. Ja, du möchtest weiter den großen roten Knopf drücken. Ja, der Knopf ist groß. Ja, der Knopf ist rot. Ja, sie wollen ihn weiter drücken. Für die Wissenschaft, für die Datensamlung, für die Suche nach Erkenntnis. Nur für Wissenschaft, für immer Wissenschaft. Also dürfen sie das Experiment beenden, sobald du den Knopf noch 1.000 Mal gedrückt hast. Viel Vergnügen.","The non-decimal answer is treated as a big red yes to continue pressing; end after 1000 more presses.","transcripts/de_de/aud_0600_final_extra_presses_prompt__de_de.script.txt","elevenlabs","IVxgxz5EgbHtWNcgBjOV","eleven_v3","de","mp3_44100_128","generated","2026-06-17T01:24:29+02:00","German localized ElevenLabs v3 speech. Custom narration intentionally mixes du/Sie awkwardly for dry absurdist tone; validated/adapted questionnaire wording preserves measurement meaning before the register joke. Whisper tiny re-transcript stored for audit.","For-AI/german-localization-register-policy.md; ../audio-assets/localized/manifest.json; docs/audio-script-lookup-table.csv"
"raw_0400","questionnaire_intro_glitch","shared","Shared non-speech","questionnaire_transition","panel_intro_glitch","sonification","yes","yes","Questionnaire/panel intro transition, including demographics and post-condition panels.","Blue software-failure/glitch overlay plays with the cue while panels appear.","playQuestionnaireIntroCue(...); BRB_QUESTIONNAIRE_INTRO_CUE","assets/localized/shared/questionnaire_transition/raw_0400_questionnaire_intro_glitch.mp3","../audio-assets/localized/shared/questionnaire_transition/raw_0400_questionnaire_intro_glitch.mp3","3B78AE610233BBCA731BE13E50E33F5C50D697E0A7170522C38E87923347F087","../audio-assets/localized/manifest.json > shared.raw_0400","../audio-assets/localized/shared/questionnaire_transition/raw_0400_questionnaire_intro_glitch.mp3","3B78AE610233BBCA731BE13E50E33F5C50D697E0A7170522C38E87923347F087","","4944","4944","","no","do_not_translate_non_speech","","No spoken wording; non-speech glitch transition.","No spoken wording; non-speech glitch transition.","","","","","","","","","centralized_shared_asset_active","","Non-speech cue; do not regenerate with ElevenLabs.","app/src/main/java/org/bigredbutton/firststudy/BigRedButtonStudyActivity.kt:playQuestionnaireIntroCue; ../audio-assets/localized/manifest.json > shared.raw_0400"
"raw_0410","questionnaire_outro_glitch","shared","Shared non-speech","questionnaire_transition","panel_outro_glitch","sonification","yes","yes","Questionnaire/panel outro transition before the next condition or final stage.","Blue software-failure/glitch overlay plays with the cue while panels disappear.","playQuestionnaireOutroCue(...); BRB_QUESTIONNAIRE_OUTRO_CUE","assets/localized/shared/questionnaire_transition/raw_0410_questionnaire_outro_glitch.mp3","../audio-assets/localized/shared/questionnaire_transition/raw_0410_questionnaire_outro_glitch.mp3","B57A15DA2E1CC9D93A8D915696663E8BABE293FD53A0E8FDD8604D51A931292F","../audio-assets/localized/manifest.json > shared.raw_0410","../audio-assets/localized/shared/questionnaire_transition/raw_0410_questionnaire_outro_glitch.mp3","B57A15DA2E1CC9D93A8D915696663E8BABE293FD53A0E8FDD8604D51A931292F","","3312","3312","","no","do_not_translate_non_speech","","No spoken wording; non-speech glitch transition.","No spoken wording; non-speech glitch transition.","","","","","","","","","centralized_shared_asset_active","","Non-speech cue; do not regenerate with ElevenLabs.","app/src/main/java/org/bigredbutton/firststudy/BigRedButtonStudyActivity.kt:playQuestionnaireOutroCue; ../audio-assets/localized/manifest.json > shared.raw_0410"
"raw_9990","retro_startup_chime","shared","Shared non-speech","inactive_shared_audio","retro_startup_chime","sfx","no","no","Reserved centralized shared audio; no active playback reference found in BigRedButtonStudyActivity.kt.","Inactive unless future code routes it.","No current runtime usage; retained under shared/inactive for catalogued provenance.","assets/localized/shared/inactive/raw_9990_retro_startup_chime.wav","../audio-assets/localized/shared/inactive/raw_9990_retro_startup_chime.wav","770221EB67F5D02F208DB8BABF2E068E07ADB8E9C0F4D46C85CAA49F2979F7A5","../audio-assets/localized/manifest.json > shared.raw_9990","../audio-assets/localized/shared/inactive/raw_9990_retro_startup_chime.wav","770221EB67F5D02F208DB8BABF2E068E07ADB8E9C0F4D46C85CAA49F2979F7A5","","1580","1580","","no","do_not_translate_non_speech","","No spoken wording; non-speech chime.","No spoken wording; non-speech chime.","","","","","","","","","centralized_shared_asset_inactive","","Reserved non-speech cue; confirm intended use before routing it into the runtime.","../audio-assets/localized/manifest.json > shared.raw_9990; tools/create-retro-startup-chime.ps1"
"sfx_9000","questionnaire_choice_blip","shared","Shared non-speech","questionnaire_ui_feedback","questionnaire_choice_blip","sfx","yes","yes","Questionnaire choice confirmation feedback across participant panels.","Short UI feedback cue; does not gate experiment flow.","playQuestionnaireChoiceCue(); BRB_SFX_PLAY cue=questionnaire_choice","assets/localized/shared/questionnaire_ui/sfx_9000_questionnaire_choice_blip.wav","../audio-assets/localized/shared/questionnaire_ui/sfx_9000_questionnaire_choice_blip.wav","5005D0A634AAC456D3D495824C057ED14CF58D21EFC16C06772B48520436F8A4","../audio-assets/localized/manifest.json > shared.sfx_9000","../audio-assets/localized/shared/questionnaire_ui/sfx_9000_questionnaire_choice_blip.wav","5005D0A634AAC456D3D495824C057ED14CF58D21EFC16C06772B48520436F8A4","","90","90","","no","do_not_translate_non_speech","","No spoken wording; non-speech cue.","No spoken wording; non-speech cue.","","","","","","","","","centralized_shared_asset_active","","Do not synthesize or translate; preserve as short shared UI feedback.","app/src/main/java/org/bigredbutton/firststudy/BigRedButtonStudyActivity.kt:playQuestionnaireChoiceCue; ../audio-assets/localized/manifest.json > shared.sfx_9000"
"sfx_9010","questionnaire_navigation_blip","shared","Shared non-speech","questionnaire_ui_feedback","questionnaire_navigation_blip","sfx","yes","yes","Questionnaire navigation and validation-shortcut cue feedback.","Short UI feedback cue; qkv redness shortcut uses it instead of waiting through the full changeover clips.","playQuestionnaireNavigationCue(); BRB_SFX_PLAY cue=questionnaire_navigation","assets/localized/shared/questionnaire_ui/sfx_9010_questionnaire_navigation_blip.wav","../audio-assets/localized/shared/questionnaire_ui/sfx_9010_questionnaire_navigation_blip.wav","DEF7603B0786070F01F0EFEACEA74F321F946EF217F0E11EA45B34990BF46F51","../audio-assets/localized/manifest.json > shared.sfx_9010","../audio-assets/localized/shared/questionnaire_ui/sfx_9010_questionnaire_navigation_blip.wav","DEF7603B0786070F01F0EFEACEA74F321F946EF217F0E11EA45B34990BF46F51","","70","70","","no","do_not_translate_non_speech","","No spoken wording; non-speech cue.","No spoken wording; non-speech cue.","","","","","","","","","centralized_shared_asset_active","","Do not synthesize or translate; preserve as short shared UI feedback.","app/src/main/java/org/bigredbutton/firststudy/BigRedButtonStudyActivity.kt:playQuestionnaireNavigationCue; ../audio-assets/localized/manifest.json > shared.sfx_9010"
"sfx_9020","button_press_placeholder_kenney_bong","shared","Shared non-speech","button_press_feedback","accepted_button_press_sfx_placeholder","sfx","yes","yes","Accepted Big Red Button presses during audio conditions and final extra-press branch.","Only after recordButtonPress accepts a press; not for startup suppression or cooldown suppression.","playButtonPressSound(); BRB_SFX_PLAY cue=button_press","assets/localized/shared/button_press/sfx_9020_button_press_placeholder_kenney_bong.ogg","../audio-assets/localized/shared/button_press/sfx_9020_button_press_placeholder_kenney_bong.ogg","D21D0F0B782445DB579D11E2506B24CD1AC9D664EE33AEAF807761AA7B6FD710","../audio-assets/localized/manifest.json > shared.sfx_9020","../audio-assets/localized/shared/button_press/sfx_9020_button_press_placeholder_kenney_bong.ogg","D21D0F0B782445DB579D11E2506B24CD1AC9D664EE33AEAF807761AA7B6FD710","Kenney Interface Sounds, Audio/bong_001.ogg, CC0","123","123","","no","do_not_translate_non_speech","","No spoken wording; temporary CC0 Kenney bong placeholder.","No spoken wording; temporary CC0 Kenney bong placeholder.","","","","","","","","","centralized_shared_asset_active_placeholder","","Non-speech cue; do not regenerate with ElevenLabs.","app/src/main/java/org/bigredbutton/firststudy/BigRedButtonStudyActivity.kt:playButtonPressCue; ../audio-assets/localized/manifest.json > shared.sfx_9020; docs/button-press-sound-and-motion.md"
"stem_backgroundMusic","background_music","shared","Shared music bed","offline_audio_mixing","background_music_bed","music_bed","indirect","no_direct_playback","Used as the bed for localized long condition instruction mixes; not opened directly by the app at runtime.","Hash-locked stem for condition mix provenance.","tools/mix-japanese-condition-audio.ps1 backgroundStemId=backgroundMusic","","","","../audio-assets/localized/manifest.json > stems.backgroundMusic","../audio-assets/localized/stems/background-music.mp3","226A6A1ABBB6AA6C117E687DD0C83ED1C34FFBE89E9B68FAB8B979F669E3CDA5","../audio-assets/reusable/audio/source/background-music.mp3","490080","490080","","no","do_not_translate_music_bed","backgroundMusic","No spoken wording; background music bed.","No spoken wording; background music bed.","","","","","","","","","source_stem","","Preserve stem hash. Reuse for condition-track mixes; do not send non-speech music bed to TTS.","tools/mix-japanese-condition-audio.ps1; ../audio-assets/localized/manifest.json"
"aud_0320","ipq_history_part1","en-US","English generated","presence_questionnaire","ipq_history_condition_1_intro","speech","yes","yes","Post-condition 1 neutral session-experience ratings. Plays when the presence questionnaire screen opens after the Button Experience task.","One-shot non-blocking narration; questionnaire remains answerable while clip plays; MP3 includes 1s tail silence.","playIpqHistoryNarration(condition=1, trigger=""pictographic_submit""); BRB_IPQ_HISTORY_NARRATION_CUE condition=1","assets/localized/en_us/aud_0320_ipq_history_part1__en_us.mp3","../audio-assets/localized/en_us/aud_0320_ipq_history_part1__en_us.mp3","AAD3BDB00F1928D7688790567197C934629300CF038337D6BC66CA364F01C137","../audio-assets/localized/manifest.json > assets.aud_0320.locales.en-US","../audio-assets/localized/en_us/aud_0320_ipq_history_part1__en_us.mp3","AAD3BDB00F1928D7688790567197C934629300CF038337D6BC66CA364F01C137","artifacts/questionnaire-history-dialogue-tts/mp3_short and approved script","48718","48718","","no","science_nerd_sarcasm_no_psychometric_spoilers","","Ah, this is a particularly well validated questionnaire in our field. Actually, one of THE most used! It dates to early VR research... serious people, in serious labs, asking why a fake world can feel real. As one does.

It is based on the IPQ, developed in Germany by Schubert, Friedmann, and Regenbrecht. Very tidy. Extremely questionnaire.

Our adapted version asks how real the Big Red Button felt... charmingly, cautiously.

Ah, yes... I should let you answer. Your experience matters deeply.","Ah, this is a particularly well validated questionnaire in our field. Actually, one of THE most used! It dates to early VR research... serious people, in serious labs, asking why a fake world can feel real. As one does.

It is based on the IPQ, developed in Germany by Schubert, Friedmann, and Regenbrecht. Very tidy. Extremely questionnaire.

Our adapted version asks how real the Big Red Button felt... charmingly, cautiously.

Ah, yes... I should let you answer. Your experience matters deeply.","Script-backed transcript stub; replace with Whisper transcript if auditory QA is required.","","../audio-assets/localized/transcripts/en_us/aud_0320_ipq_history_part1__en_us.script.txt","elevenlabs","IVxgxz5EgbHtWNcgBjOV","eleven_v3","en","mp3_44100_128","generated","2026-06-13T19:44:07.5006992+02:00","Generated with calm voice; 1s silence tail added to avoid clipped endings; do not reveal factor/subscale structure in participant-facing narration.","app/src/main/java/org/bigredbutton/firststudy/BigRedButtonStudyActivity.kt: submitPictographic/playIpqHistoryNarration; ../audio-assets/localized/manifest.json"
"aud_0320","ipq_history_part1","ja-JP","Japanese localized","presence_questionnaire","ipq_history_condition_1_intro","speech","yes","yes","Post-condition 1 neutral session-experience ratings. Plays when the presence questionnaire screen opens after the Button Experience task.","One-shot non-blocking narration; questionnaire remains answerable while clip plays; MP3 includes 1s tail silence.","playIpqHistoryNarration(condition=1, trigger=""pictographic_submit""); BRB_IPQ_HISTORY_NARRATION_CUE condition=1","assets/localized/ja_jp/aud_0320_ipq_history_part1__ja_jp.mp3","../audio-assets/localized/ja_jp/aud_0320_ipq_history_part1__ja_jp.mp3","AAB46B0E6D8FF2E2CE00444E11F4963B309E152B007EBC185D9FCFB69869A0DC","../audio-assets/localized/manifest.json > assets.aud_0320.locales.ja-JP","../audio-assets/localized/ja_jp/aud_0320_ipq_history_part1__ja_jp.mp3","AAB46B0E6D8FF2E2CE00444E11F4963B309E152B007EBC185D9FCFB69869A0DC","artifacts/questionnaire-history-dialogue-tts/mp3_short and approved script","57835","57835","","no","science_nerd_sarcasm_no_psychometric_spoilers","","Ah, this is a particularly well validated questionnaire in our field. Actually, one of THE most used! It dates to early VR research... serious people, in serious labs, asking why a fake world can feel real. As one does.

It is based on the IPQ, developed in Germany by Schubert, Friedmann, and Regenbrecht. Very tidy. Extremely questionnaire.

Our adapted version asks how real the Big Red Button felt... charmingly, cautiously.

Ah, yes... I should let you answer. Your experience matters deeply.","ああ、これは私たちの分野では、かなりよく検証された質問紙です。実は、最もよく使われる質問紙のひとつなんです！ 歴史はVR研究の初期にさかのぼります... 真面目な研究者たちが、真面目な実験室で、なぜ仮想世界がリアルに感じられるのか考えていた時代です。よくあることです。

これは、ドイツで開発された IPQ に基づきます。ビッグ・レッド・ボタンがどれほどリアルに感じられたか... そこを聞きます。実に学術的で、実に質問紙です。

ああ... 答えていただきましょう。あなたの体験は、本当に重要です。","Script-backed transcript stub; replace with Whisper transcript if auditory QA is required.","Ah, this is a well-validated questionnaire used very often. Its history goes back to early VR research, when serious researchers in serious laboratories considered why virtual worlds can feel real. This IPQ-based clip asks how real the Big Red Button felt, with dry academic humor, then lets the participant answer.","../audio-assets/localized/transcripts/ja_jp/aud_0320_ipq_history_part1__ja_jp.script.txt","elevenlabs","IVxgxz5EgbHtWNcgBjOV","eleven_v3","ja","mp3_44100_128","generated","2026-06-13T19:44:07.5006992+02:00","Generated with calm voice; 1s silence tail added to avoid clipped endings; do not reveal factor/subscale structure in participant-facing narration.","app/src/main/java/org/bigredbutton/firststudy/BigRedButtonStudyActivity.kt: submitPictographic/playIpqHistoryNarration; ../audio-assets/localized/manifest.json"
"aud_0320","ipq_history_part1","de-DE","German localized","presence_questionnaire","ipq_history_condition_1_intro","speech","yes","yes","Post-condition 1 neutral session-experience ratings. Plays when the presence questionnaire screen opens after the Button Experience task.","One-shot non-blocking narration; questionnaire remains answerable while clip plays; MP3 includes 1s tail silence.","playIpqHistoryNarration(condition=1, trigger=""pictographic_submit""); BRB_IPQ_HISTORY_NARRATION_CUE condition=1","assets/localized/de_de/aud_0320_ipq_history_part1__de_de.mp3","../audio-assets/localized/de_de/aud_0320_ipq_history_part1__de_de.mp3","91B914C4181DFE1DC18BA92731A2A8C07D9F5AC73B00E1A63562DC0606BB6030","../audio-assets/localized/manifest.json > assets.aud_0320.locales.de-DE","../audio-assets/localized/de_de/aud_0320_ipq_history_part1__de_de.mp3","91B914C4181DFE1DC18BA92731A2A8C07D9F5AC73B00E1A63562DC0606BB6030","German ElevenLabs localization from English source transcript.","52167","52167","48718","no","science_nerd_sarcasm_no_psychometric_spoilers; german_awkward_mixed_du_sie_except_validated_questionnaires","","Ah, this is a particularly well validated questionnaire in our field. Actually, one of THE most used! It dates to early VR research... serious people, in serious labs, asking why a fake world can feel real. As one does.

It is based on the IPQ, developed in Germany by Schubert, Friedmann, and Regenbrecht. Very tidy. Extremely questionnaire.

Our adapted version asks how real the Big Red Button felt... charmingly, cautiously.

Ah, yes... I should let you answer. Your experience matters deeply.","Ah, dies ist ein besonders gut validierter Fragebogen in unserem Feld. Eigentlich einer der meistverwendeten. Er stammt aus der frühen VR-Forschung ... ernsthafte Menschen in ernsthaften Laboren, die fragten, warum eine unechte Welt sich echt anfühlen kann. Wie man das eben so tut. Er basiert auf dem IPQ, entwickelt in Deutschland von Schubert, Friedmann und Regenbrecht. Sehr ordentlich. Extrem Fragebogen. Unsere angepasste Version fragt, wie real sich der große rote Knopf anfühlte ... charmant und vorsichtig. Ah, ja ... ich sollte Sie antworten lassen. Deine Erfahrung ist von tiefer Bedeutung."," Ah, dies ist ein besonders gut, qualitierter Frage bogen in unserem Feld. Eigentlich einer der meist verwendeten. Er stand aus der Frühn wie Arforschung. Ernsthafte Menschen in Ernsthaften davoren. Die fragten, warum eine unächte Welt sich echt anfühlen kann. Wie man das eben so tut. Er basiert auf dem IPQ, entwickelt in Deutschland von Schubert, Friedmann und Regenbrecht. Sehr ordentlich, extrem fragebogen. Unsere angepasste Version fragt, wie real sich der große Rote Knopf anfühlt. Schamand und vorsichtig. Ah, ja, ich sollte sie Antworten lassen. Deine Erfahrung ist von Tiefer Bedeutung.","IPQ history narration: the IPQ is widely used and German-developed; this adapted version asks how real the Big Red Button felt.","transcripts/de_de/aud_0320_ipq_history_part1__de_de.script.txt","elevenlabs","IVxgxz5EgbHtWNcgBjOV","eleven_v3","de","mp3_44100_128","generated","2026-06-17T01:24:29+02:00","German localized ElevenLabs v3 speech. Custom narration intentionally mixes du/Sie awkwardly for dry absurdist tone; validated/adapted questionnaire wording preserves measurement meaning before the register joke. Whisper tiny re-transcript stored for audit.","For-AI/german-localization-register-policy.md; ../audio-assets/localized/manifest.json; docs/audio-script-lookup-table.csv"
"aud_0330","ipq_history_part2","en-US","English generated","presence_questionnaire","ipq_history_condition_2_intro","speech","yes","yes","Post-condition 2 neutral session-experience ratings. Plays when the presence questionnaire screen opens after the Button Experience task.","One-shot non-blocking narration; questionnaire remains answerable while clip plays; MP3 includes 1s tail silence.","playIpqHistoryNarration(condition=2, trigger=""pictographic_submit""); BRB_IPQ_HISTORY_NARRATION_CUE condition=2","assets/localized/en_us/aud_0330_ipq_history_part2__en_us.mp3","../audio-assets/localized/en_us/aud_0330_ipq_history_part2__en_us.mp3","05F81ADFAD49EECEB9245DCBBF0656EE90C0B8ADE0D3856E9DBE40FB65087772","../audio-assets/localized/manifest.json > assets.aud_0330.locales.en-US","../audio-assets/localized/en_us/aud_0330_ipq_history_part2__en_us.mp3","05F81ADFAD49EECEB9245DCBBF0656EE90C0B8ADE0D3856E9DBE40FB65087772","artifacts/questionnaire-history-dialogue-tts/mp3_short and approved script","54491","54491","","no","science_nerd_sarcasm_no_psychometric_spoilers","","Ah, this good old validated questionnaire again... VR researchers needed it because better machines did not always create stronger experiences. Rude of the human mind, frankly.

You could improve resolution, tracking, latency... all the beautiful knobs... and someone might still say: impressive, but I remembered the lab. Deeply inconvenient!

Here, it asks how real the Big Red Button felt... without showing you all the scholarly machinery underneath. Very considerate. Almost suspicious.

But there I go again... Please continue. There are no correct answers, only how the button existed for you.","Ah, this good old validated questionnaire again... VR researchers needed it because better machines did not always create stronger experiences. Rude of the human mind, frankly.

You could improve resolution, tracking, latency... all the beautiful knobs... and someone might still say: impressive, but I remembered the lab. Deeply inconvenient!

Here, it asks how real the Big Red Button felt... without showing you all the scholarly machinery underneath. Very considerate. Almost suspicious.

But there I go again... Please continue. There are no correct answers, only how the button existed for you.","Script-backed transcript stub; replace with Whisper transcript if auditory QA is required.","","../audio-assets/localized/transcripts/en_us/aud_0330_ipq_history_part2__en_us.script.txt","elevenlabs","IVxgxz5EgbHtWNcgBjOV","eleven_v3","en","mp3_44100_128","generated","2026-06-13T19:44:07.5006992+02:00","Generated with calm voice; 1s silence tail added to avoid clipped endings; do not reveal factor/subscale structure in participant-facing narration.","app/src/main/java/org/bigredbutton/firststudy/BigRedButtonStudyActivity.kt: submitPictographic/playIpqHistoryNarration; ../audio-assets/localized/manifest.json"
"aud_0330","ipq_history_part2","ja-JP","Japanese localized","presence_questionnaire","ipq_history_condition_2_intro","speech","yes","yes","Post-condition 2 neutral session-experience ratings. Plays when the presence questionnaire screen opens after the Button Experience task.","One-shot non-blocking narration; questionnaire remains answerable while clip plays; MP3 includes 1s tail silence.","playIpqHistoryNarration(condition=2, trigger=""pictographic_submit""); BRB_IPQ_HISTORY_NARRATION_CUE condition=2","assets/localized/ja_jp/aud_0330_ipq_history_part2__ja_jp.mp3","../audio-assets/localized/ja_jp/aud_0330_ipq_history_part2__ja_jp.mp3","6C05D79DC79F5FDAA2C776A0AFEBA00B1889D0027F2B4EB42A9EC82FAE255B63","../audio-assets/localized/manifest.json > assets.aud_0330.locales.ja-JP","../audio-assets/localized/ja_jp/aud_0330_ipq_history_part2__ja_jp.mp3","6C05D79DC79F5FDAA2C776A0AFEBA00B1889D0027F2B4EB42A9EC82FAE255B63","artifacts/questionnaire-history-dialogue-tts/mp3_short and approved script","58723","58723","","no","science_nerd_sarcasm_no_psychometric_spoilers","","Ah, this good old validated questionnaire again... VR researchers needed it because better machines did not always create stronger experiences. Rude of the human mind, frankly.

You could improve resolution, tracking, latency... all the beautiful knobs... and someone might still say: impressive, but I remembered the lab. Deeply inconvenient!

Here, it asks how real the Big Red Button felt... without showing you all the scholarly machinery underneath. Very considerate. Almost suspicious.

But there I go again... Please continue. There are no correct answers, only how the button existed for you.","ああ、またこの検証済み質問紙ですね... 実は、VR研究者には困った問題がありました。機械を良くしても、体験が強くなるとは限らないのです。技術者には困る話です。質問紙には、うれしい話です。

解像度、追跡、遅延... 全部よくしても、「実験室でした」と言われる。逆に、単純な場面に入り込む人もいる。たいへん不便です。

今回は、ビッグ・レッド・ボタンがどれほどリアルに感じられたかも聞きます... でも、話しすぎました。

正しい答えはありません。ボタンがどう存在したかだけです。","Script-backed transcript stub; replace with Whisper transcript if auditory QA is required.","Ah, this good old validated questionnaire again. VR researchers had the annoying problem that better machinery does not always create stronger experiences. This clip notes, with dry humor, that the questionnaire asks how real the Big Red Button felt, then stops talking and lets the participant continue.","../audio-assets/localized/transcripts/ja_jp/aud_0330_ipq_history_part2__ja_jp.script.txt","elevenlabs","IVxgxz5EgbHtWNcgBjOV","eleven_v3","ja","mp3_44100_128","generated","2026-06-13T19:44:07.5006992+02:00","Generated with calm voice; 1s silence tail added to avoid clipped endings; do not reveal factor/subscale structure in participant-facing narration.","app/src/main/java/org/bigredbutton/firststudy/BigRedButtonStudyActivity.kt: submitPictographic/playIpqHistoryNarration; ../audio-assets/localized/manifest.json"
"aud_0330","ipq_history_part2","de-DE","German localized","presence_questionnaire","ipq_history_condition_2_intro","speech","yes","yes","Post-condition 2 neutral session-experience ratings. Plays when the presence questionnaire screen opens after the Button Experience task.","One-shot non-blocking narration; questionnaire remains answerable while clip plays; MP3 includes 1s tail silence.","playIpqHistoryNarration(condition=2, trigger=""pictographic_submit""); BRB_IPQ_HISTORY_NARRATION_CUE condition=2","assets/localized/de_de/aud_0330_ipq_history_part2__de_de.mp3","../audio-assets/localized/de_de/aud_0330_ipq_history_part2__de_de.mp3","77A8C6BC6C86F2C3326470062B4DC9BB505BD31CF8C797C5CCD8455058B42695","../audio-assets/localized/manifest.json > assets.aud_0330.locales.de-DE","../audio-assets/localized/de_de/aud_0330_ipq_history_part2__de_de.mp3","77A8C6BC6C86F2C3326470062B4DC9BB505BD31CF8C797C5CCD8455058B42695","German ElevenLabs localization from English source transcript.","56320","56320","54491","no","science_nerd_sarcasm_no_psychometric_spoilers; german_awkward_mixed_du_sie_except_validated_questionnaires","","Ah, this good old validated questionnaire again... VR researchers needed it because better machines did not always create stronger experiences. Rude of the human mind, frankly.

You could improve resolution, tracking, latency... all the beautiful knobs... and someone might still say: impressive, but I remembered the lab. Deeply inconvenient!

Here, it asks how real the Big Red Button felt... without showing you all the scholarly machinery underneath. Very considerate. Almost suspicious.

But there I go again... Please continue. There are no correct answers, only how the button existed for you.","Ah, dieser gute alte validierte Fragebogen schon wieder ... VR-Forscher brauchten ihn, weil bessere Maschinen nicht immer stärkere Erfahrungen erzeugten. Unhöflich vom menschlichen Geist, wenn Sie mich fragst. Man konnte Auflösung, Tracking, Latenz und all die schönen Regler verbessern ... und jemand sagte trotzdem: eindrucksvoll, aber ich erinnerte mich an das Labor. Tief unbequem. Hier fragt er, wie real sich der große rote Knopf anfühlte ... ohne dir die ganze wissenschaftliche Maschinerie darunter zu zeigen. Sehr rücksichtsvoll. Fast verdächtig. Aber da schweife ich schon wieder ab ... Bitte fahren Sie fort. Es gibt keine richtigen Antworten, nur wie der Knopf für dich existierte."," Ah, dieser gute alte, weil die dierte Frage bogen schon wieder. V.a. Forscher brauchten ihn, weil bessere Maschinen nicht immer stärkere Erfahrungen erzeugten. Unhöffentlich vom menschlichen Geist, wenn sie mich fragst. Man konnte Auflösung, Schrecking, Latens und all die schönen Regler verbessern. Und jemand sagte trotzdem, eindrucksvoll. Aber ich erinnerte mich an das Labor. Tief unbequem. Hier fragt er, wie real sich der große Rote Knopf anfüllte. Ohne dir die ganze Wissenschaftliche Maschine rieder runterzuzeigen. Sehr rücksichtsvoll. Fast verdächtig. Aber da schweife ich schon wieder ab. Bitte faren Sie fort. Es gibt keine richtigen Antworten. Nur wieder knopp für dich existierte.","Second IPQ narration: better machines do not always create stronger experience; this asks how real the button felt without exposing scoring machinery.","transcripts/de_de/aud_0330_ipq_history_part2__de_de.script.txt","elevenlabs","IVxgxz5EgbHtWNcgBjOV","eleven_v3","de","mp3_44100_128","generated","2026-06-17T01:24:29+02:00","German localized ElevenLabs v3 speech. Custom narration intentionally mixes du/Sie awkwardly for dry absurdist tone; validated/adapted questionnaire wording preserves measurement meaning before the register joke. Whisper tiny re-transcript stored for audit.","For-AI/german-localization-register-policy.md; ../audio-assets/localized/manifest.json; docs/audio-script-lookup-table.csv"
"aud_0190","handedness_controller_selection","en-US","English generated","consent_demographics","handedness_controller_selection_narration","speech","yes","yes","Demographics handedness/controller selection field before the prior Big Red Button experience prompt.","Selecting a handedness/controller option starts this blocking narration; other demographics interactions and controller key events are consumed until MediaPlayer completion; MP3 includes line-break pause stitching and 1s tail silence.","selectDemographicsHandedness(...); playHandednessNarrationBlocking(...); BRB_HANDEDNESS_NARRATION_CUE","assets/localized/en_us/aud_0190_handedness_controller_selection__en_us.mp3","../audio-assets/localized/en_us/aud_0190_handedness_controller_selection__en_us.mp3","06A275FBC70EB28ACE37D9794B02AB103B4DD9EBE54761767988D68A696842D2","../audio-assets/localized/manifest.json > assets.aud_0190.locales.en-US","../audio-assets/localized/en_us/aud_0190_handedness_controller_selection__en_us.mp3","06A275FBC70EB28ACE37D9794B02AB103B4DD9EBE54761767988D68A696842D2","artifacts/handedness-controller-selection-tts/chunked and approved script","59533","59533","","no","science_nerd_sarcasm_no_psychometric_spoilers","","Handedness matters because the hand doing the task can matter ... especially with a controller and the Big Red Button. There are many other questionnaires that assess handedness more systematically. Some are not tiny. The Edinburgh Handedness Inventory is often used as a 10-item scale. The Annett Hand Preference Questionnaire uses 12 items. The Waterloo Handedness Questionnaire has a 32-item version. They ask about concrete everyday acts: writing, throwing, and using scissors. Here, in questionnaire mercy ... we ask directly. Please choose the left or right controller you will use for the experiment, because yes ... even that may subtly affect Big Red Button behavior.","Handedness matters because the hand doing the task can matter ... especially with a controller and the Big Red Button. There are many other questionnaires that assess handedness more systematically. Some are not tiny. The Edinburgh Handedness Inventory is often used as a 10-item scale. The Annett Hand Preference Questionnaire uses 12 items. The Waterloo Handedness Questionnaire has a 32-item version. They ask about concrete everyday acts: writing, throwing, and using scissors. Here, in questionnaire mercy ... we ask directly. Please choose the left or right controller you will use for the experiment, because yes ... even that may subtly affect Big Red Button behavior.","Script-backed transcript stub; replace with Whisper transcript if auditory QA is required.","","../audio-assets/localized/transcripts/en_us/aud_0190_handedness_controller_selection__en_us.script.txt","elevenlabs","IVxgxz5EgbHtWNcgBjOV","eleven_v3","en","mp3_44100_128","generated","2026-06-14T16:55:55.0253455+02:00","Generated with calm voice as six paragraph-sized ElevenLabs v3 chunks, stitched with 650ms line-break pauses and 1s tail silence; uses full handedness inventory names and item counts; blocks demographics input until playback completion; references Big Red Button.","app/src/main/java/org/bigredbutton/firststudy/BigRedButtonStudyActivity.kt: selectDemographicsHandedness/playHandednessNarrationBlocking; ../audio-assets/localized/manifest.json"
"aud_0190","handedness_controller_selection","ja-JP","Japanese localized","consent_demographics","handedness_controller_selection_narration","speech","yes","yes","Demographics handedness/controller selection field before the prior Big Red Button experience prompt.","Selecting a handedness/controller option starts this blocking narration; other demographics interactions and controller key events are consumed until MediaPlayer completion; MP3 includes line-break pause stitching and 1s tail silence.","selectDemographicsHandedness(...); playHandednessNarrationBlocking(...); BRB_HANDEDNESS_NARRATION_CUE","assets/localized/ja_jp/aud_0190_handedness_controller_selection__ja_jp.mp3","../audio-assets/localized/ja_jp/aud_0190_handedness_controller_selection__ja_jp.mp3","3A615F6E9CE4ADF9367646D8950AE3B5375DF6DB64FC1766D5D18D0218E3E897","../audio-assets/localized/manifest.json > assets.aud_0190.locales.ja-JP","../audio-assets/localized/ja_jp/aud_0190_handedness_controller_selection__ja_jp.mp3","3A615F6E9CE4ADF9367646D8950AE3B5375DF6DB64FC1766D5D18D0218E3E897","artifacts/handedness-controller-selection-tts/chunked and approved script","73744","73744","","no","science_nerd_sarcasm_no_psychometric_spoilers","","Handedness matters because the hand doing the task can matter ... especially with a controller and the Big Red Button. There are many other questionnaires that assess handedness more systematically. Some are not tiny. The Edinburgh Handedness Inventory is often used as a 10-item scale. The Annett Hand Preference Questionnaire uses 12 items. The Waterloo Handedness Questionnaire has a 32-item version. They ask about concrete everyday acts: writing, throwing, and using scissors. Here, in questionnaire mercy ... we ask directly. Please choose the left or right controller you will use for the experiment, because yes ... even that may subtly affect Big Red Button behavior.","利き手を測るのは、どちらの手が課題をするかが効くことがあるからです ... 特にコントローラーとビッグ・レッド・ボタンでは。 利き手をもっと体系的に評価する質問紙は、ほかにもたくさんあります。 小さくないものもあります。 エディンバラ・ハンデッドネス・インベントリは、よく10項目の尺度として使われます。アネット・ハンド・プリファレンス・クエスチョネアは12項目。ウォータールー・ハンデッドネス・クエスチョネアには32項目版があります。 聞かれるのは、たとえば、書く、投げる、はさみを使う。 ここでは質問紙の慈悲として ... 直接聞きます。この実験で使う左または右のコントローラーを選んでください。ええ ... それもビッグ・レッド・ボタンへの行動に、微妙に影響するかもしれません。","Script-backed transcript stub; replace with Whisper transcript if auditory QA is required.","Handedness is measured because which hand handles a task can matter, especially with a controller and the Big Red Button. There are many other questionnaires that assess handedness more systematically. Some are not tiny. The Edinburgh Handedness Inventory is often used as a 10-item scale, the Annett Hand Preference Questionnaire uses 12 items, and the Waterloo Handedness Questionnaire has a 32-item version. They ask about concrete everyday acts, such as writing, throwing, and using scissors. Here, as questionnaire mercy, the study asks directly which left or right controller the participant will use for the experiment, because even that may subtly affect Big Red Button behavior.","../audio-assets/localized/transcripts/ja_jp/aud_0190_handedness_controller_selection__ja_jp.script.txt","elevenlabs","IVxgxz5EgbHtWNcgBjOV","eleven_v3","ja","mp3_44100_128","generated","2026-06-14T16:55:55.0253455+02:00","Generated with calm voice as six paragraph-sized ElevenLabs v3 chunks, stitched with 650ms line-break pauses and 1s tail silence; uses full handedness inventory names and item counts; blocks demographics input until playback completion; references Big Red Button.","app/src/main/java/org/bigredbutton/firststudy/BigRedButtonStudyActivity.kt: selectDemographicsHandedness/playHandednessNarrationBlocking; ../audio-assets/localized/manifest.json"
"aud_0190","handedness_controller_selection","de-DE","German localized","consent_demographics","handedness_controller_selection_narration","speech","yes","yes","Demographics handedness/controller selection field before the prior Big Red Button experience prompt.","Selecting a handedness/controller option starts this blocking narration; other demographics interactions and controller key events are consumed until MediaPlayer completion; MP3 includes line-break pause stitching and 1s tail silence.","selectDemographicsHandedness(...); playHandednessNarrationBlocking(...); BRB_HANDEDNESS_NARRATION_CUE","assets/localized/de_de/aud_0190_handedness_controller_selection__de_de.mp3","../audio-assets/localized/de_de/aud_0190_handedness_controller_selection__de_de.mp3","116E08D8F0FDA2C86A408D0CE55D1A07C258D78D3F0B08F0154974F4150B93A7","../audio-assets/localized/manifest.json > assets.aud_0190.locales.de-DE","../audio-assets/localized/de_de/aud_0190_handedness_controller_selection__de_de.mp3","116E08D8F0FDA2C86A408D0CE55D1A07C258D78D3F0B08F0154974F4150B93A7","German ElevenLabs localization from English source transcript.","66011","66011","40000","no","science_nerd_sarcasm_no_psychometric_spoilers; german_awkward_mixed_du_sie_except_validated_questionnaires","","Handedness matters because the hand doing the task can matter ... especially with a controller and the Big Red Button. There are many other questionnaires that assess handedness more systematically. Some are not tiny. The Edinburgh Handedness Inventory is often used as a 10-item scale. The Annett Hand Preference Questionnaire uses 12 items. The Waterloo Handedness Questionnaire has a 32-item version. They ask about concrete everyday acts: writing, throwing, and using scissors. Here, in questionnaire mercy ... we ask directly. Please choose the left or right controller you will use for the experiment, because yes ... even that may subtly affect Big Red Button behavior.","Händigkeit ist wichtig, weil die Hand, die eine Aufgabe ausführt, wichtig sein kann ... besonders mit einem Controller und dem großen roten Knopf.

Es gibt viele andere Fragebögen, die Händigkeit systematischer erfassen. Manche sind nicht gerade winzig. Das Edinburgh Handedness Inventory wird oft als Zehn-Item-Skala verwendet. Der Annett Hand Preference Questionnaire nutzt zwölf Items. Der Waterloo Handedness Questionnaire hat sogar eine Version mit zweiunddreißig Items.

Sie fragen nach konkreten Alltagshandlungen: Schreiben, Werfen, Scheren benutzen. Hier, aus Fragebogen-Gnade ... fragen wir direkt. Bitte wählen Sie den linken oder rechten Controller, den du für das Experiment verwenden wirst, denn ja ... selbst das kann Big-Red-Button-Verhalten subtil beeinflussen."," Händigkeit ist wichtig, weil die Hand, die eine Aufgabe ausführt, wichtig sein kann. Besonders mit einem Controller und dem großen roten Knopf. Es gibt viele andere Fragebögen, die Händigkeit systematischer erfassen. Manche sind nicht gerade winsig. Das Edinburgh-Handettnis in Wenderee wird oft als zehn Eitemsgaler verwendet. Der Nett-Hand-Preference-Quest-Gener nutzt 12 Eitems. Der Water-Luhandettnis-Quest-Gener hat sogar eine Version mit 230 Eitems. Sie fragen nach konkreten Alltagshandlungen, schreiben, Werfen, Scheren benutzen. Hier aus Fragebogen-Gnade fragen wir direkt. Bitte wählen Sie den linken oder rechten Controller, den du für das Experiment verwenden wirst. Denn ja, selbst das kann Big Red-Batten verhalten, subtil beeinflussen.","Handedness matters for controller use; longer inventories exist, but this study asks directly which controller hand will be used.","transcripts/de_de/aud_0190_handedness_controller_selection__de_de.script.txt","elevenlabs","IVxgxz5EgbHtWNcgBjOV","eleven_v3","de","mp3_44100_128","generated","2026-06-17T01:24:29+02:00","German localized ElevenLabs v3 speech. Custom narration intentionally mixes du/Sie awkwardly for dry absurdist tone; validated/adapted questionnaire wording preserves measurement meaning before the register joke. Whisper tiny re-transcript stored for audit.","For-AI/german-localization-register-policy.md; ../audio-assets/localized/manifest.json; docs/audio-script-lookup-table.csv"
"aud_0700","age_soft_privacy","en-US","English generated","consent_demographics","age_slider_soft_privacy_remark","speech","yes","yes","Demographics Age slider confirmation before the prior Big Red Button experience prompt.","One-shot soft age/privacy remark after Age slider confirmation; skipped after first play; MP3 includes 1s tail silence; does not overlap with active study audio.","triggerAgeSoftPrivacyRemark(source=age_slider_confirmed); BRB_SPONTANEOUS_REMARK_CUE kind=age; BRB_SPONTANEOUS_REMARK_SKIPPED reason=already_played","assets/localized/en_us/aud_0700_age_soft_privacy__en_us.mp3","../audio-assets/localized/en_us/aud_0700_age_soft_privacy__en_us.mp3","00D3A829522617FE818BED09D32FC90FE9A45E08183368BE6BFEC73DA0C67EB4","../audio-assets/localized/manifest.json > assets.aud_0700.locales.en-US","../audio-assets/localized/en_us/aud_0700_age_soft_privacy__en_us.mp3","00D3A829522617FE818BED09D32FC90FE9A45E08183368BE6BFEC73DA0C67EB4","artifacts/vas-spontaneous-remarks-tts generated ElevenLabs draft and approved script catalog","17032","17032","","no","neutral_spontaneous_remark_localized","","Are you really that old? No need to negotiate with time here ... your data is safe with us, in accordance with EU data protection regulations. The Big Red Button will not judge.","Are you really that old? No need to negotiate with time here ... your data is safe with us, in accordance with EU data protection regulations. The Big Red Button will not judge.","Script-backed transcript stub; replace with Whisper transcript if auditory QA is required.","","../audio-assets/localized/transcripts/en_us/aud_0700_age_soft_privacy__en_us.script.txt","elevenlabs","IVxgxz5EgbHtWNcgBjOV","eleven_v3","en","mp3_44100_128","generated","2026-06-14T17:28:02.5421046+02:00","Generated with calm voice and 1s tail silence; spontaneous questionnaire remarks are routed through the no-overlap player; VAS remarks use randomized ordering and a randomized 5-10s cooldown after completion.","app/src/main/java/org/bigredbutton/firststudy/BigRedButtonStudyActivity.kt: triggerVasSpontaneousRemark/triggerAgeSoftPrivacyRemark; ../audio-assets/localized/manifest.json"
"aud_0700","age_soft_privacy","ja-JP","Japanese localized","consent_demographics","age_slider_soft_privacy_remark","speech","yes","yes","Demographics Age slider confirmation before the prior Big Red Button experience prompt.","One-shot soft age/privacy remark after Age slider confirmation; skipped after first play; MP3 includes 1s tail silence; does not overlap with active study audio.","triggerAgeSoftPrivacyRemark(source=age_slider_confirmed); BRB_SPONTANEOUS_REMARK_CUE kind=age; BRB_SPONTANEOUS_REMARK_SKIPPED reason=already_played","assets/localized/ja_jp/aud_0700_age_soft_privacy__ja_jp.mp3","../audio-assets/localized/ja_jp/aud_0700_age_soft_privacy__ja_jp.mp3","D8406B1C4157CA47F81917AB99404379C7C3B0FC65A9A213ABCEAA48337EDE2C","../audio-assets/localized/manifest.json > assets.aud_0700.locales.ja-JP","../audio-assets/localized/ja_jp/aud_0700_age_soft_privacy__ja_jp.mp3","D8406B1C4157CA47F81917AB99404379C7C3B0FC65A9A213ABCEAA48337EDE2C","artifacts/vas-spontaneous-remarks-tts generated ElevenLabs draft and approved script catalog","20088","20088","","no","neutral_spontaneous_remark_localized","","Are you really that old? No need to negotiate with time here ... your data is safe with us, in accordance with EU data protection regulations. The Big Red Button will not judge.","本当にその年齢ですか？ここで時間と交渉しなくて大丈夫です ... あなたのデータは、EUデータ保護規則に従って安全に扱われます。ビッグ・レッド・ボタンは判断しません。","Script-backed transcript stub; replace with Whisper transcript if auditory QA is required.","Are you really that old? No need to negotiate with time here ... your data is safe with us, in accordance with EU data protection regulations. The Big Red Button will not judge.","../audio-assets/localized/transcripts/ja_jp/aud_0700_age_soft_privacy__ja_jp.script.txt","elevenlabs","IVxgxz5EgbHtWNcgBjOV","eleven_v3","ja","mp3_44100_128","generated","2026-06-14T17:28:02.5421046+02:00","Generated with calm voice and 1s tail silence; spontaneous questionnaire remarks are routed through the no-overlap player; VAS remarks use randomized ordering and a randomized 5-10s cooldown after completion.","app/src/main/java/org/bigredbutton/firststudy/BigRedButtonStudyActivity.kt: triggerVasSpontaneousRemark/triggerAgeSoftPrivacyRemark; ../audio-assets/localized/manifest.json"
"aud_0700","age_soft_privacy","de-DE","German localized","consent_demographics","age_slider_soft_privacy_remark","speech","yes","yes","Demographics Age slider confirmation before the prior Big Red Button experience prompt.","One-shot soft age/privacy remark after Age slider confirmation; skipped after first play; MP3 includes 1s tail silence; does not overlap with active study audio.","triggerAgeSoftPrivacyRemark(source=age_slider_confirmed); BRB_SPONTANEOUS_REMARK_CUE kind=age; BRB_SPONTANEOUS_REMARK_SKIPPED reason=already_played","assets/localized/de_de/aud_0700_age_soft_privacy__de_de.mp3","../audio-assets/localized/de_de/aud_0700_age_soft_privacy__de_de.mp3","B09279EF80EB0781FAC77728F4859243C5333663DBA40FFBF3A28C56EA40E7B5","../audio-assets/localized/manifest.json > assets.aud_0700.locales.de-DE","../audio-assets/localized/de_de/aud_0700_age_soft_privacy__de_de.mp3","B09279EF80EB0781FAC77728F4859243C5333663DBA40FFBF3A28C56EA40E7B5","German ElevenLabs localization from English source transcript.","14629","14629","","no","neutral_spontaneous_remark_localized; german_awkward_mixed_du_sie_except_validated_questionnaires","","Are you really that old? No need to negotiate with time here ... your data is safe with us, in accordance with EU data protection regulations. The Big Red Button will not judge.","Sind Sie wirklich so alt? Kein Grund, mit der Zeit zu verhandeln ... deine Daten sind bei uns sicher, gemäß europäischer Datenschutzregeln. Der große rote Knopf urteilt nicht."," Sind sie wirklich so alt? Kein Grund, mit der Zeit zu verhandeln. Deine Daten sind bei uns sicher, gemäß europäischer Datenschutz regeln. Der große Rote Knopf orteilt nicht.","Are you really that old? The data is safe and the button does not judge.","transcripts/de_de/aud_0700_age_soft_privacy__de_de.script.txt","elevenlabs","IVxgxz5EgbHtWNcgBjOV","eleven_v3","de","mp3_44100_128","generated","2026-06-17T01:24:29+02:00","German localized ElevenLabs v3 speech. Custom narration intentionally mixes du/Sie awkwardly for dry absurdist tone; validated/adapted questionnaire wording preserves measurement meaning before the register joke. Whisper tiny re-transcript stored for audit.","For-AI/german-localization-register-policy.md; ../audio-assets/localized/manifest.json; docs/audio-script-lookup-table.csv"
"aud_0710","vas_low_01","en-US","English generated","questionnaire_vas_spontaneous","vas_spontaneous_low_remark","speech","yes","yes","Pictographic/redness/lost-opportunity VAS behavior when a participant releases or directionally changes a slider into the low bucket.","Randomized bucket-specific VAS remark; never overlaps active study audio or another spontaneous remark; after completion the next VAS-triggered remark is blocked for a random 5-10 seconds; MP3 includes 1s tail silence.","triggerVasSpontaneousRemark(scaleId,value,source); BRB_SPONTANEOUS_REMARK_CUE kind=vas; BRB_SPONTANEOUS_REMARK_COOLDOWN; BRB_SPONTANEOUS_REMARK_NO_OVERLAP","assets/localized/en_us/aud_0710_vas_low_01__en_us.mp3","../audio-assets/localized/en_us/aud_0710_vas_low_01__en_us.mp3","7C2286D06A440381A7B650470A35776B619499D4C4664E0FCD68397410E96A04","../audio-assets/localized/manifest.json > assets.aud_0710.locales.en-US","../audio-assets/localized/en_us/aud_0710_vas_low_01__en_us.mp3","7C2286D06A440381A7B650470A35776B619499D4C4664E0FCD68397410E96A04","artifacts/vas-spontaneous-remarks-tts generated ElevenLabs draft and approved script catalog","3762","3762","","no","neutral_spontaneous_remark_localized","","Oh, barely a whisper from the Big Red Button.","Oh, barely a whisper from the Big Red Button.","Script-backed transcript stub; replace with Whisper transcript if auditory QA is required.","","../audio-assets/localized/transcripts/en_us/aud_0710_vas_low_01__en_us.script.txt","elevenlabs","IVxgxz5EgbHtWNcgBjOV","eleven_v3","en","mp3_44100_128","generated","2026-06-14T17:28:02.5421046+02:00","Generated with calm voice and 1s tail silence; spontaneous questionnaire remarks are routed through the no-overlap player; VAS remarks use randomized ordering and a randomized 5-10s cooldown after completion.","app/src/main/java/org/bigredbutton/firststudy/BigRedButtonStudyActivity.kt: triggerVasSpontaneousRemark/triggerAgeSoftPrivacyRemark; ../audio-assets/localized/manifest.json"
"aud_0710","vas_low_01","ja-JP","Japanese localized","questionnaire_vas_spontaneous","vas_spontaneous_low_remark","speech","yes","yes","Pictographic/redness/lost-opportunity VAS behavior when a participant releases or directionally changes a slider into the low bucket.","Randomized bucket-specific VAS remark; never overlaps active study audio or another spontaneous remark; after completion the next VAS-triggered remark is blocked for a random 5-10 seconds; MP3 includes 1s tail silence.","triggerVasSpontaneousRemark(scaleId,value,source); BRB_SPONTANEOUS_REMARK_CUE kind=vas; BRB_SPONTANEOUS_REMARK_COOLDOWN; BRB_SPONTANEOUS_REMARK_NO_OVERLAP","assets/localized/ja_jp/aud_0710_vas_low_01__ja_jp.mp3","../audio-assets/localized/ja_jp/aud_0710_vas_low_01__ja_jp.mp3","3BC752AE89A007595EBC792E8457FFEA42CEF8DD6234152A830D796F50513393","../audio-assets/localized/manifest.json > assets.aud_0710.locales.ja-JP","../audio-assets/localized/ja_jp/aud_0710_vas_low_01__ja_jp.mp3","3BC752AE89A007595EBC792E8457FFEA42CEF8DD6234152A830D796F50513393","artifacts/vas-spontaneous-remarks-tts generated ElevenLabs draft and approved script catalog","5590","5590","","no","neutral_spontaneous_remark_localized","","Oh, barely a whisper from the Big Red Button.","ああ、ビッグ・レッド・ボタンからは、ほとんどささやき程度ですね。","Script-backed transcript stub; replace with Whisper transcript if auditory QA is required.","Oh, barely a whisper from the Big Red Button.","../audio-assets/localized/transcripts/ja_jp/aud_0710_vas_low_01__ja_jp.script.txt","elevenlabs","IVxgxz5EgbHtWNcgBjOV","eleven_v3","ja","mp3_44100_128","generated","2026-06-14T17:28:02.5421046+02:00","Generated with calm voice and 1s tail silence; spontaneous questionnaire remarks are routed through the no-overlap player; VAS remarks use randomized ordering and a randomized 5-10s cooldown after completion.","app/src/main/java/org/bigredbutton/firststudy/BigRedButtonStudyActivity.kt: triggerVasSpontaneousRemark/triggerAgeSoftPrivacyRemark; ../audio-assets/localized/manifest.json"
"aud_0710","vas_low_01","de-DE","German localized","questionnaire_vas_spontaneous","vas_spontaneous_low_remark","speech","yes","yes","Pictographic/redness/lost-opportunity VAS behavior when a participant releases or directionally changes a slider into the low bucket.","Randomized bucket-specific VAS remark; never overlaps active study audio or another spontaneous remark; after completion the next VAS-triggered remark is blocked for a random 5-10 seconds; MP3 includes 1s tail silence.","triggerVasSpontaneousRemark(scaleId,value,source); BRB_SPONTANEOUS_REMARK_CUE kind=vas; BRB_SPONTANEOUS_REMARK_COOLDOWN; BRB_SPONTANEOUS_REMARK_NO_OVERLAP","assets/localized/de_de/aud_0710_vas_low_01__de_de.mp3","../audio-assets/localized/de_de/aud_0710_vas_low_01__de_de.mp3","5E30E67E938686529B53204D6BDCD6084C2621531CDFC518C11CE628EE592928","../audio-assets/localized/manifest.json > assets.aud_0710.locales.de-DE","../audio-assets/localized/de_de/aud_0710_vas_low_01__de_de.mp3","5E30E67E938686529B53204D6BDCD6084C2621531CDFC518C11CE628EE592928","German ElevenLabs localization from English source transcript.","5747","5747","","no","neutral_spontaneous_remark_localized; german_awkward_mixed_du_sie_except_validated_questionnaires","","Oh, barely a whisper from the Big Red Button.","Oh, kaum ein Flüstern vom großen roten Knopf."," Oh, kaum ein flüstern vom großen roten Knopf.","Barely a whisper from the Big Red Button.","transcripts/de_de/aud_0710_vas_low_01__de_de.script.txt","elevenlabs","IVxgxz5EgbHtWNcgBjOV","eleven_v3","de","mp3_44100_128","generated","2026-06-17T01:24:29+02:00","German localized ElevenLabs v3 speech. Custom narration intentionally mixes du/Sie awkwardly for dry absurdist tone; validated/adapted questionnaire wording preserves measurement meaning before the register joke. Whisper tiny re-transcript stored for audit.","For-AI/german-localization-register-policy.md; ../audio-assets/localized/manifest.json; docs/audio-script-lookup-table.csv"
"aud_0711","vas_low_02","en-US","English generated","questionnaire_vas_spontaneous","vas_spontaneous_low_remark","speech","yes","yes","Pictographic/redness/lost-opportunity VAS behavior when a participant releases or directionally changes a slider into the low bucket.","Randomized bucket-specific VAS remark; never overlaps active study audio or another spontaneous remark; after completion the next VAS-triggered remark is blocked for a random 5-10 seconds; MP3 includes 1s tail silence.","triggerVasSpontaneousRemark(scaleId,value,source); BRB_SPONTANEOUS_REMARK_CUE kind=vas; BRB_SPONTANEOUS_REMARK_COOLDOWN; BRB_SPONTANEOUS_REMARK_NO_OVERLAP","assets/localized/en_us/aud_0711_vas_low_02__en_us.mp3","../audio-assets/localized/en_us/aud_0711_vas_low_02__en_us.mp3","29F1654CD947FE77DC22EA00858BE9FB1A98B01BF774AD7E1F29A8E188D81FCF","../audio-assets/localized/manifest.json > assets.aud_0711.locales.en-US","../audio-assets/localized/en_us/aud_0711_vas_low_02__en_us.mp3","29F1654CD947FE77DC22EA00858BE9FB1A98B01BF774AD7E1F29A8E188D81FCF","artifacts/vas-spontaneous-remarks-tts generated ElevenLabs draft and approved script catalog","4075","4075","","no","neutral_spontaneous_remark_localized","","A modest little tick for the Big Red Button.","A modest little tick for the Big Red Button.","Script-backed transcript stub; replace with Whisper transcript if auditory QA is required.","","../audio-assets/localized/transcripts/en_us/aud_0711_vas_low_02__en_us.script.txt","elevenlabs","IVxgxz5EgbHtWNcgBjOV","eleven_v3","en","mp3_44100_128","generated","2026-06-14T17:28:02.5421046+02:00","Generated with calm voice and 1s tail silence; spontaneous questionnaire remarks are routed through the no-overlap player; VAS remarks use randomized ordering and a randomized 5-10s cooldown after completion.","app/src/main/java/org/bigredbutton/firststudy/BigRedButtonStudyActivity.kt: triggerVasSpontaneousRemark/triggerAgeSoftPrivacyRemark; ../audio-assets/localized/manifest.json"
"aud_0711","vas_low_02","ja-JP","Japanese localized","questionnaire_vas_spontaneous","vas_spontaneous_low_remark","speech","yes","yes","Pictographic/redness/lost-opportunity VAS behavior when a participant releases or directionally changes a slider into the low bucket.","Randomized bucket-specific VAS remark; never overlaps active study audio or another spontaneous remark; after completion the next VAS-triggered remark is blocked for a random 5-10 seconds; MP3 includes 1s tail silence.","triggerVasSpontaneousRemark(scaleId,value,source); BRB_SPONTANEOUS_REMARK_CUE kind=vas; BRB_SPONTANEOUS_REMARK_COOLDOWN; BRB_SPONTANEOUS_REMARK_NO_OVERLAP","assets/localized/ja_jp/aud_0711_vas_low_02__ja_jp.mp3","../audio-assets/localized/ja_jp/aud_0711_vas_low_02__ja_jp.mp3","DB193E459D7B439956CCAD8FA6DEADB64294750B3B4E778286B20572754A83A9","../audio-assets/localized/manifest.json > assets.aud_0711.locales.ja-JP","../audio-assets/localized/ja_jp/aud_0711_vas_low_02__ja_jp.mp3","DB193E459D7B439956CCAD8FA6DEADB64294750B3B4E778286B20572754A83A9","artifacts/vas-spontaneous-remarks-tts generated ElevenLabs draft and approved script catalog","7288","7288","","no","neutral_spontaneous_remark_localized","","A modest little tick for the Big Red Button.","ビッグ・レッド・ボタンには、控えめな小さな目盛りです。","Script-backed transcript stub; replace with Whisper transcript if auditory QA is required.","A modest little tick for the Big Red Button.","../audio-assets/localized/transcripts/ja_jp/aud_0711_vas_low_02__ja_jp.script.txt","elevenlabs","IVxgxz5EgbHtWNcgBjOV","eleven_v3","ja","mp3_44100_128","generated","2026-06-14T17:28:02.5421046+02:00","Generated with calm voice and 1s tail silence; spontaneous questionnaire remarks are routed through the no-overlap player; VAS remarks use randomized ordering and a randomized 5-10s cooldown after completion.","app/src/main/java/org/bigredbutton/firststudy/BigRedButtonStudyActivity.kt: triggerVasSpontaneousRemark/triggerAgeSoftPrivacyRemark; ../audio-assets/localized/manifest.json"
"aud_0711","vas_low_02","de-DE","German localized","questionnaire_vas_spontaneous","vas_spontaneous_low_remark","speech","yes","yes","Pictographic/redness/lost-opportunity VAS behavior when a participant releases or directionally changes a slider into the low bucket.","Randomized bucket-specific VAS remark; never overlaps active study audio or another spontaneous remark; after completion the next VAS-triggered remark is blocked for a random 5-10 seconds; MP3 includes 1s tail silence.","triggerVasSpontaneousRemark(scaleId,value,source); BRB_SPONTANEOUS_REMARK_CUE kind=vas; BRB_SPONTANEOUS_REMARK_COOLDOWN; BRB_SPONTANEOUS_REMARK_NO_OVERLAP","assets/localized/de_de/aud_0711_vas_low_02__de_de.mp3","../audio-assets/localized/de_de/aud_0711_vas_low_02__de_de.mp3","1E74584751AC30E677E61E54456CF6C17C0FC63F968F250FBE6BD740E02F84E4","../audio-assets/localized/manifest.json > assets.aud_0711.locales.de-DE","../audio-assets/localized/de_de/aud_0711_vas_low_02__de_de.mp3","1E74584751AC30E677E61E54456CF6C17C0FC63F968F250FBE6BD740E02F84E4","German ElevenLabs localization from English source transcript.","6087","6087","","no","neutral_spontaneous_remark_localized; german_awkward_mixed_du_sie_except_validated_questionnaires","","A modest little tick for the Big Red Button.","Ein bescheidenes kleines Häkchen für den großen roten Knopf."," Anbeschalten es kleines Herkchen für den großen roten Knopf.","A modest little tick for the Big Red Button.","transcripts/de_de/aud_0711_vas_low_02__de_de.script.txt","elevenlabs","IVxgxz5EgbHtWNcgBjOV","eleven_v3","de","mp3_44100_128","generated","2026-06-17T01:24:29+02:00","German localized ElevenLabs v3 speech. Custom narration intentionally mixes du/Sie awkwardly for dry absurdist tone; validated/adapted questionnaire wording preserves measurement meaning before the register joke. Whisper tiny re-transcript stored for audit.","For-AI/german-localization-register-policy.md; ../audio-assets/localized/manifest.json; docs/audio-script-lookup-table.csv"
"aud_0712","vas_low_03","en-US","English generated","questionnaire_vas_spontaneous","vas_spontaneous_low_remark","speech","yes","yes","Pictographic/redness/lost-opportunity VAS behavior when a participant releases or directionally changes a slider into the low bucket.","Randomized bucket-specific VAS remark; never overlaps active study audio or another spontaneous remark; after completion the next VAS-triggered remark is blocked for a random 5-10 seconds; MP3 includes 1s tail silence.","triggerVasSpontaneousRemark(scaleId,value,source); BRB_SPONTANEOUS_REMARK_CUE kind=vas; BRB_SPONTANEOUS_REMARK_COOLDOWN; BRB_SPONTANEOUS_REMARK_NO_OVERLAP","assets/localized/en_us/aud_0712_vas_low_03__en_us.mp3","../audio-assets/localized/en_us/aud_0712_vas_low_03__en_us.mp3","5DCE486DAA722F81835901A434A611B4C2A25666E2AC0E099B9D9213389FA51C","../audio-assets/localized/manifest.json > assets.aud_0712.locales.en-US","../audio-assets/localized/en_us/aud_0712_vas_low_03__en_us.mp3","5DCE486DAA722F81835901A434A611B4C2A25666E2AC0E099B9D9213389FA51C","artifacts/vas-spontaneous-remarks-tts generated ElevenLabs draft and approved script catalog","4963","4963","","no","neutral_spontaneous_remark_localized","","The Big Red Button remains mostly unaccused.","The Big Red Button remains mostly unaccused.","Script-backed transcript stub; replace with Whisper transcript if auditory QA is required.","","../audio-assets/localized/transcripts/en_us/aud_0712_vas_low_03__en_us.script.txt","elevenlabs","IVxgxz5EgbHtWNcgBjOV","eleven_v3","en","mp3_44100_128","generated","2026-06-14T17:28:02.5421046+02:00","Generated with calm voice and 1s tail silence; spontaneous questionnaire remarks are routed through the no-overlap player; VAS remarks use randomized ordering and a randomized 5-10s cooldown after completion.","app/src/main/java/org/bigredbutton/firststudy/BigRedButtonStudyActivity.kt: triggerVasSpontaneousRemark/triggerAgeSoftPrivacyRemark; ../audio-assets/localized/manifest.json"
"aud_0712","vas_low_03","ja-JP","Japanese localized","questionnaire_vas_spontaneous","vas_spontaneous_low_remark","speech","yes","yes","Pictographic/redness/lost-opportunity VAS behavior when a participant releases or directionally changes a slider into the low bucket.","Randomized bucket-specific VAS remark; never overlaps active study audio or another spontaneous remark; after completion the next VAS-triggered remark is blocked for a random 5-10 seconds; MP3 includes 1s tail silence.","triggerVasSpontaneousRemark(scaleId,value,source); BRB_SPONTANEOUS_REMARK_CUE kind=vas; BRB_SPONTANEOUS_REMARK_COOLDOWN; BRB_SPONTANEOUS_REMARK_NO_OVERLAP","assets/localized/ja_jp/aud_0712_vas_low_03__ja_jp.mp3","../audio-assets/localized/ja_jp/aud_0712_vas_low_03__ja_jp.mp3","B06B1FF68B9961C98F8F47BE5B8D8C952227B007905F3C263647F0FF55F6283E","../audio-assets/localized/manifest.json > assets.aud_0712.locales.ja-JP","../audio-assets/localized/ja_jp/aud_0712_vas_low_03__ja_jp.mp3","B06B1FF68B9961C98F8F47BE5B8D8C952227B007905F3C263647F0FF55F6283E","artifacts/vas-spontaneous-remarks-tts generated ElevenLabs draft and approved script catalog","7602","7602","","no","neutral_spontaneous_remark_localized","","The Big Red Button remains mostly unaccused.","ビッグ・レッド・ボタンは、まだほとんど責められていません。","Script-backed transcript stub; replace with Whisper transcript if auditory QA is required.","The Big Red Button remains mostly unaccused.","../audio-assets/localized/transcripts/ja_jp/aud_0712_vas_low_03__ja_jp.script.txt","elevenlabs","IVxgxz5EgbHtWNcgBjOV","eleven_v3","ja","mp3_44100_128","generated","2026-06-14T17:28:02.5421046+02:00","Generated with calm voice and 1s tail silence; spontaneous questionnaire remarks are routed through the no-overlap player; VAS remarks use randomized ordering and a randomized 5-10s cooldown after completion.","app/src/main/java/org/bigredbutton/firststudy/BigRedButtonStudyActivity.kt: triggerVasSpontaneousRemark/triggerAgeSoftPrivacyRemark; ../audio-assets/localized/manifest.json"
"aud_0712","vas_low_03","de-DE","German localized","questionnaire_vas_spontaneous","vas_spontaneous_low_remark","speech","yes","yes","Pictographic/redness/lost-opportunity VAS behavior when a participant releases or directionally changes a slider into the low bucket.","Randomized bucket-specific VAS remark; never overlaps active study audio or another spontaneous remark; after completion the next VAS-triggered remark is blocked for a random 5-10 seconds; MP3 includes 1s tail silence.","triggerVasSpontaneousRemark(scaleId,value,source); BRB_SPONTANEOUS_REMARK_CUE kind=vas; BRB_SPONTANEOUS_REMARK_COOLDOWN; BRB_SPONTANEOUS_REMARK_NO_OVERLAP","assets/localized/de_de/aud_0712_vas_low_03__de_de.mp3","../audio-assets/localized/de_de/aud_0712_vas_low_03__de_de.mp3","19441A84F54B6353EE8020BF7336775ADC95728BC23976BFE94434FB8C0E0CC7","../audio-assets/localized/manifest.json > assets.aud_0712.locales.de-DE","../audio-assets/localized/de_de/aud_0712_vas_low_03__de_de.mp3","19441A84F54B6353EE8020BF7336775ADC95728BC23976BFE94434FB8C0E0CC7","German ElevenLabs localization from English source transcript.","4885","4885","","no","neutral_spontaneous_remark_localized; german_awkward_mixed_du_sie_except_validated_questionnaires","","The Big Red Button remains mostly unaccused.","Der große rote Knopf bleibt weitgehend unbeschuldigt."," Der große Rote Knopf bleibt weitgehend und beschuldigt.","The Big Red Button remains mostly unaccused.","transcripts/de_de/aud_0712_vas_low_03__de_de.script.txt","elevenlabs","IVxgxz5EgbHtWNcgBjOV","eleven_v3","de","mp3_44100_128","generated","2026-06-17T01:24:29+02:00","German localized ElevenLabs v3 speech. Custom narration intentionally mixes du/Sie awkwardly for dry absurdist tone; validated/adapted questionnaire wording preserves measurement meaning before the register joke. Whisper tiny re-transcript stored for audit.","For-AI/german-localization-register-policy.md; ../audio-assets/localized/manifest.json; docs/audio-script-lookup-table.csv"
"aud_0713","vas_low_04","en-US","English generated","questionnaire_vas_spontaneous","vas_spontaneous_low_remark","speech","yes","yes","Pictographic/redness/lost-opportunity VAS behavior when a participant releases or directionally changes a slider into the low bucket.","Randomized bucket-specific VAS remark; never overlaps active study audio or another spontaneous remark; after completion the next VAS-triggered remark is blocked for a random 5-10 seconds; MP3 includes 1s tail silence.","triggerVasSpontaneousRemark(scaleId,value,source); BRB_SPONTANEOUS_REMARK_CUE kind=vas; BRB_SPONTANEOUS_REMARK_COOLDOWN; BRB_SPONTANEOUS_REMARK_NO_OVERLAP","assets/localized/en_us/aud_0713_vas_low_04__en_us.mp3","../audio-assets/localized/en_us/aud_0713_vas_low_04__en_us.mp3","85561C5E2A9A3EE315285A4991138F4666C8F3A3C8D708EC0D4989AF381F29FC","../audio-assets/localized/manifest.json > assets.aud_0713.locales.en-US","../audio-assets/localized/en_us/aud_0713_vas_low_04__en_us.mp3","85561C5E2A9A3EE315285A4991138F4666C8F3A3C8D708EC0D4989AF381F29FC","artifacts/vas-spontaneous-remarks-tts generated ElevenLabs draft and approved script catalog","4467","4467","","no","neutral_spontaneous_remark_localized","","Nearly microscopic, as button feelings go.","Nearly microscopic, as button feelings go.","Script-backed transcript stub; replace with Whisper transcript if auditory QA is required.","","../audio-assets/localized/transcripts/en_us/aud_0713_vas_low_04__en_us.script.txt","elevenlabs","IVxgxz5EgbHtWNcgBjOV","eleven_v3","en","mp3_44100_128","generated","2026-06-14T17:28:02.5421046+02:00","Generated with calm voice and 1s tail silence; spontaneous questionnaire remarks are routed through the no-overlap player; VAS remarks use randomized ordering and a randomized 5-10s cooldown after completion.","app/src/main/java/org/bigredbutton/firststudy/BigRedButtonStudyActivity.kt: triggerVasSpontaneousRemark/triggerAgeSoftPrivacyRemark; ../audio-assets/localized/manifest.json"
"aud_0713","vas_low_04","ja-JP","Japanese localized","questionnaire_vas_spontaneous","vas_spontaneous_low_remark","speech","yes","yes","Pictographic/redness/lost-opportunity VAS behavior when a participant releases or directionally changes a slider into the low bucket.","Randomized bucket-specific VAS remark; never overlaps active study audio or another spontaneous remark; after completion the next VAS-triggered remark is blocked for a random 5-10 seconds; MP3 includes 1s tail silence.","triggerVasSpontaneousRemark(scaleId,value,source); BRB_SPONTANEOUS_REMARK_CUE kind=vas; BRB_SPONTANEOUS_REMARK_COOLDOWN; BRB_SPONTANEOUS_REMARK_NO_OVERLAP","assets/localized/ja_jp/aud_0713_vas_low_04__ja_jp.mp3","../audio-assets/localized/ja_jp/aud_0713_vas_low_04__ja_jp.mp3","1D65194D3D5A8CE1FF7CA4CCDDB78EADE080A591B412680A70888A7BC270CFA1","../audio-assets/localized/manifest.json > assets.aud_0713.locales.ja-JP","../audio-assets/localized/ja_jp/aud_0713_vas_low_04__ja_jp.mp3","1D65194D3D5A8CE1FF7CA4CCDDB78EADE080A591B412680A70888A7BC270CFA1","artifacts/vas-spontaneous-remarks-tts generated ElevenLabs draft and approved script catalog","5355","5355","","no","neutral_spontaneous_remark_localized","","Nearly microscopic, as button feelings go.","ボタン感覚としては、ほぼ顕微鏡レベルです。","Script-backed transcript stub; replace with Whisper transcript if auditory QA is required.","Nearly microscopic, as button feelings go.","../audio-assets/localized/transcripts/ja_jp/aud_0713_vas_low_04__ja_jp.script.txt","elevenlabs","IVxgxz5EgbHtWNcgBjOV","eleven_v3","ja","mp3_44100_128","generated","2026-06-14T17:28:02.5421046+02:00","Generated with calm voice and 1s tail silence; spontaneous questionnaire remarks are routed through the no-overlap player; VAS remarks use randomized ordering and a randomized 5-10s cooldown after completion.","app/src/main/java/org/bigredbutton/firststudy/BigRedButtonStudyActivity.kt: triggerVasSpontaneousRemark/triggerAgeSoftPrivacyRemark; ../audio-assets/localized/manifest.json"
"aud_0713","vas_low_04","de-DE","German localized","questionnaire_vas_spontaneous","vas_spontaneous_low_remark","speech","yes","yes","Pictographic/redness/lost-opportunity VAS behavior when a participant releases or directionally changes a slider into the low bucket.","Randomized bucket-specific VAS remark; never overlaps active study audio or another spontaneous remark; after completion the next VAS-triggered remark is blocked for a random 5-10 seconds; MP3 includes 1s tail silence.","triggerVasSpontaneousRemark(scaleId,value,source); BRB_SPONTANEOUS_REMARK_CUE kind=vas; BRB_SPONTANEOUS_REMARK_COOLDOWN; BRB_SPONTANEOUS_REMARK_NO_OVERLAP","assets/localized/de_de/aud_0713_vas_low_04__de_de.mp3","../audio-assets/localized/de_de/aud_0713_vas_low_04__de_de.mp3","975B2A5621550518D73B019362E59C89293FBE1C4FB820270AE25BAA981B1F1B","../audio-assets/localized/manifest.json > assets.aud_0713.locales.de-DE","../audio-assets/localized/de_de/aud_0713_vas_low_04__de_de.mp3","975B2A5621550518D73B019362E59C89293FBE1C4FB820270AE25BAA981B1F1B","German ElevenLabs localization from English source transcript.","4885","4885","","no","neutral_spontaneous_remark_localized; german_awkward_mixed_du_sie_except_validated_questionnaires","","Nearly microscopic, as button feelings go.","Beinahe mikroskopisch, was Knopfgefühle betrifft."," Bei einer Mikroskopisch, das Knopfgefühle betrifft.","Nearly microscopic, as button feelings go.","transcripts/de_de/aud_0713_vas_low_04__de_de.script.txt","elevenlabs","IVxgxz5EgbHtWNcgBjOV","eleven_v3","de","mp3_44100_128","generated","2026-06-17T01:24:29+02:00","German localized ElevenLabs v3 speech. Custom narration intentionally mixes du/Sie awkwardly for dry absurdist tone; validated/adapted questionnaire wording preserves measurement meaning before the register joke. Whisper tiny re-transcript stored for audit.","For-AI/german-localization-register-policy.md; ../audio-assets/localized/manifest.json; docs/audio-script-lookup-table.csv"
"aud_0714","vas_low_05","en-US","English generated","questionnaire_vas_spontaneous","vas_spontaneous_low_remark","speech","yes","yes","Pictographic/redness/lost-opportunity VAS behavior when a participant releases or directionally changes a slider into the low bucket.","Randomized bucket-specific VAS remark; never overlaps active study audio or another spontaneous remark; after completion the next VAS-triggered remark is blocked for a random 5-10 seconds; MP3 includes 1s tail silence.","triggerVasSpontaneousRemark(scaleId,value,source); BRB_SPONTANEOUS_REMARK_CUE kind=vas; BRB_SPONTANEOUS_REMARK_COOLDOWN; BRB_SPONTANEOUS_REMARK_NO_OVERLAP","assets/localized/en_us/aud_0714_vas_low_05__en_us.mp3","../audio-assets/localized/en_us/aud_0714_vas_low_05__en_us.mp3","6A258E2F4584D67C225B66FCB374702C122D569D3EDCDADDB7481FCB3AEA2E2F","../audio-assets/localized/manifest.json > assets.aud_0714.locales.en-US","../audio-assets/localized/en_us/aud_0714_vas_low_05__en_us.mp3","6A258E2F4584D67C225B66FCB374702C122D569D3EDCDADDB7481FCB3AEA2E2F","artifacts/vas-spontaneous-remarks-tts generated ElevenLabs draft and approved script catalog","4075","4075","","no","neutral_spontaneous_remark_localized","","A very restrained Big Red Button response.","A very restrained Big Red Button response.","Script-backed transcript stub; replace with Whisper transcript if auditory QA is required.","","../audio-assets/localized/transcripts/en_us/aud_0714_vas_low_05__en_us.script.txt","elevenlabs","IVxgxz5EgbHtWNcgBjOV","eleven_v3","en","mp3_44100_128","generated","2026-06-14T17:28:02.5421046+02:00","Generated with calm voice and 1s tail silence; spontaneous questionnaire remarks are routed through the no-overlap player; VAS remarks use randomized ordering and a randomized 5-10s cooldown after completion.","app/src/main/java/org/bigredbutton/firststudy/BigRedButtonStudyActivity.kt: triggerVasSpontaneousRemark/triggerAgeSoftPrivacyRemark; ../audio-assets/localized/manifest.json"
"aud_0714","vas_low_05","ja-JP","Japanese localized","questionnaire_vas_spontaneous","vas_spontaneous_low_remark","speech","yes","yes","Pictographic/redness/lost-opportunity VAS behavior when a participant releases or directionally changes a slider into the low bucket.","Randomized bucket-specific VAS remark; never overlaps active study audio or another spontaneous remark; after completion the next VAS-triggered remark is blocked for a random 5-10 seconds; MP3 includes 1s tail silence.","triggerVasSpontaneousRemark(scaleId,value,source); BRB_SPONTANEOUS_REMARK_CUE kind=vas; BRB_SPONTANEOUS_REMARK_COOLDOWN; BRB_SPONTANEOUS_REMARK_NO_OVERLAP","assets/localized/ja_jp/aud_0714_vas_low_05__ja_jp.mp3","../audio-assets/localized/ja_jp/aud_0714_vas_low_05__ja_jp.mp3","3BB60A811D83D99E5B07C8553AE6092696EEF1C5078023EC0C3E8DBD2F6FA89D","../audio-assets/localized/manifest.json > assets.aud_0714.locales.ja-JP","../audio-assets/localized/ja_jp/aud_0714_vas_low_05__ja_jp.mp3","3BB60A811D83D99E5B07C8553AE6092696EEF1C5078023EC0C3E8DBD2F6FA89D","artifacts/vas-spontaneous-remarks-tts generated ElevenLabs draft and approved script catalog","4885","4885","","no","neutral_spontaneous_remark_localized","","A very restrained Big Red Button response.","とても控えめなビッグ・レッド・ボタン反応です。","Script-backed transcript stub; replace with Whisper transcript if auditory QA is required.","A very restrained Big Red Button response.","../audio-assets/localized/transcripts/ja_jp/aud_0714_vas_low_05__ja_jp.script.txt","elevenlabs","IVxgxz5EgbHtWNcgBjOV","eleven_v3","ja","mp3_44100_128","generated","2026-06-14T17:28:02.5421046+02:00","Generated with calm voice and 1s tail silence; spontaneous questionnaire remarks are routed through the no-overlap player; VAS remarks use randomized ordering and a randomized 5-10s cooldown after completion.","app/src/main/java/org/bigredbutton/firststudy/BigRedButtonStudyActivity.kt: triggerVasSpontaneousRemark/triggerAgeSoftPrivacyRemark; ../audio-assets/localized/manifest.json"
"aud_0714","vas_low_05","de-DE","German localized","questionnaire_vas_spontaneous","vas_spontaneous_low_remark","speech","yes","yes","Pictographic/redness/lost-opportunity VAS behavior when a participant releases or directionally changes a slider into the low bucket.","Randomized bucket-specific VAS remark; never overlaps active study audio or another spontaneous remark; after completion the next VAS-triggered remark is blocked for a random 5-10 seconds; MP3 includes 1s tail silence.","triggerVasSpontaneousRemark(scaleId,value,source); BRB_SPONTANEOUS_REMARK_CUE kind=vas; BRB_SPONTANEOUS_REMARK_COOLDOWN; BRB_SPONTANEOUS_REMARK_NO_OVERLAP","assets/localized/de_de/aud_0714_vas_low_05__de_de.mp3","../audio-assets/localized/de_de/aud_0714_vas_low_05__de_de.mp3","E841FCEDBAE7B4B392C44FD8A79AB802D0F389599CC2771817B18B57EDC7C995","../audio-assets/localized/manifest.json > assets.aud_0714.locales.de-DE","../audio-assets/localized/de_de/aud_0714_vas_low_05__de_de.mp3","E841FCEDBAE7B4B392C44FD8A79AB802D0F389599CC2771817B18B57EDC7C995","German ElevenLabs localization from English source transcript.","4885","4885","","no","neutral_spontaneous_remark_localized; german_awkward_mixed_du_sie_except_validated_questionnaires","","A very restrained Big Red Button response.","Eine sehr zurückhaltende Antwort für den großen roten Knopf."," Eine sehr zurückhalten der Antwort für den großen Roten Knopf.","A very restrained Big Red Button response.","transcripts/de_de/aud_0714_vas_low_05__de_de.script.txt","elevenlabs","IVxgxz5EgbHtWNcgBjOV","eleven_v3","de","mp3_44100_128","generated","2026-06-17T01:24:29+02:00","German localized ElevenLabs v3 speech. Custom narration intentionally mixes du/Sie awkwardly for dry absurdist tone; validated/adapted questionnaire wording preserves measurement meaning before the register joke. Whisper tiny re-transcript stored for audit.","For-AI/german-localization-register-policy.md; ../audio-assets/localized/manifest.json; docs/audio-script-lookup-table.csv"
"aud_0720","vas_low_mid_01","en-US","English generated","questionnaire_vas_spontaneous","vas_spontaneous_low_mid_remark","speech","yes","yes","Pictographic/redness/lost-opportunity VAS behavior when a participant releases or directionally changes a slider into the low_mid bucket.","Randomized bucket-specific VAS remark; never overlaps active study audio or another spontaneous remark; after completion the next VAS-triggered remark is blocked for a random 5-10 seconds; MP3 includes 1s tail silence.","triggerVasSpontaneousRemark(scaleId,value,source); BRB_SPONTANEOUS_REMARK_CUE kind=vas; BRB_SPONTANEOUS_REMARK_COOLDOWN; BRB_SPONTANEOUS_REMARK_NO_OVERLAP","assets/localized/en_us/aud_0720_vas_low_mid_01__en_us.mp3","../audio-assets/localized/en_us/aud_0720_vas_low_mid_01__en_us.mp3","899465FED1DFE9A67B891217C458C8606B0362D904DF45BE46F424FF668675A1","../audio-assets/localized/manifest.json > assets.aud_0720.locales.en-US","../audio-assets/localized/en_us/aud_0720_vas_low_mid_01__en_us.mp3","899465FED1DFE9A67B891217C458C8606B0362D904DF45BE46F424FF668675A1","artifacts/vas-spontaneous-remarks-tts generated ElevenLabs draft and approved script catalog","3918","3918","","no","neutral_spontaneous_remark_localized","","Oh, a careful amount for the Big Red Button.","Oh, a careful amount for the Big Red Button.","Script-backed transcript stub; replace with Whisper transcript if auditory QA is required.","","../audio-assets/localized/transcripts/en_us/aud_0720_vas_low_mid_01__en_us.script.txt","elevenlabs","IVxgxz5EgbHtWNcgBjOV","eleven_v3","en","mp3_44100_128","generated","2026-06-14T17:28:02.5421046+02:00","Generated with calm voice and 1s tail silence; spontaneous questionnaire remarks are routed through the no-overlap player; VAS remarks use randomized ordering and a randomized 5-10s cooldown after completion.","app/src/main/java/org/bigredbutton/firststudy/BigRedButtonStudyActivity.kt: triggerVasSpontaneousRemark/triggerAgeSoftPrivacyRemark; ../audio-assets/localized/manifest.json"
"aud_0720","vas_low_mid_01","ja-JP","Japanese localized","questionnaire_vas_spontaneous","vas_spontaneous_low_mid_remark","speech","yes","yes","Pictographic/redness/lost-opportunity VAS behavior when a participant releases or directionally changes a slider into the low_mid bucket.","Randomized bucket-specific VAS remark; never overlaps active study audio or another spontaneous remark; after completion the next VAS-triggered remark is blocked for a random 5-10 seconds; MP3 includes 1s tail silence.","triggerVasSpontaneousRemark(scaleId,value,source); BRB_SPONTANEOUS_REMARK_CUE kind=vas; BRB_SPONTANEOUS_REMARK_COOLDOWN; BRB_SPONTANEOUS_REMARK_NO_OVERLAP","assets/localized/ja_jp/aud_0720_vas_low_mid_01__ja_jp.mp3","../audio-assets/localized/ja_jp/aud_0720_vas_low_mid_01__ja_jp.mp3","60DC63AA08F5751351A3ABE5F029C4E6EBC5D7AED6374A581573D48886760F88","../audio-assets/localized/manifest.json > assets.aud_0720.locales.ja-JP","../audio-assets/localized/ja_jp/aud_0720_vas_low_mid_01__ja_jp.mp3","60DC63AA08F5751351A3ABE5F029C4E6EBC5D7AED6374A581573D48886760F88","artifacts/vas-spontaneous-remarks-tts generated ElevenLabs draft and approved script catalog","4963","4963","","no","neutral_spontaneous_remark_localized","","Oh, a careful amount for the Big Red Button.","ああ、ビッグ・レッド・ボタンには慎重な量ですね。","Script-backed transcript stub; replace with Whisper transcript if auditory QA is required.","Oh, a careful amount for the Big Red Button.","../audio-assets/localized/transcripts/ja_jp/aud_0720_vas_low_mid_01__ja_jp.script.txt","elevenlabs","IVxgxz5EgbHtWNcgBjOV","eleven_v3","ja","mp3_44100_128","generated","2026-06-14T17:28:02.5421046+02:00","Generated with calm voice and 1s tail silence; spontaneous questionnaire remarks are routed through the no-overlap player; VAS remarks use randomized ordering and a randomized 5-10s cooldown after completion.","app/src/main/java/org/bigredbutton/firststudy/BigRedButtonStudyActivity.kt: triggerVasSpontaneousRemark/triggerAgeSoftPrivacyRemark; ../audio-assets/localized/manifest.json"
"aud_0720","vas_low_mid_01","de-DE","German localized","questionnaire_vas_spontaneous","vas_spontaneous_low_mid_remark","speech","yes","yes","Pictographic/redness/lost-opportunity VAS behavior when a participant releases or directionally changes a slider into the low_mid bucket.","Randomized bucket-specific VAS remark; never overlaps active study audio or another spontaneous remark; after completion the next VAS-triggered remark is blocked for a random 5-10 seconds; MP3 includes 1s tail silence.","triggerVasSpontaneousRemark(scaleId,value,source); BRB_SPONTANEOUS_REMARK_CUE kind=vas; BRB_SPONTANEOUS_REMARK_COOLDOWN; BRB_SPONTANEOUS_REMARK_NO_OVERLAP","assets/localized/de_de/aud_0720_vas_low_mid_01__de_de.mp3","../audio-assets/localized/de_de/aud_0720_vas_low_mid_01__de_de.mp3","D433FD784F46B660F8BAE5DB14DCA3180DD11A123D2079CF4E36897764F14A61","../audio-assets/localized/manifest.json > assets.aud_0720.locales.de-DE","../audio-assets/localized/de_de/aud_0720_vas_low_mid_01__de_de.mp3","D433FD784F46B660F8BAE5DB14DCA3180DD11A123D2079CF4E36897764F14A61","German ElevenLabs localization from English source transcript.","5433","5433","","no","neutral_spontaneous_remark_localized; german_awkward_mixed_du_sie_except_validated_questionnaires","","Oh, a careful amount for the Big Red Button.","Oh, eine vorsichtige Menge für den großen roten Knopf."," Oh, eine vorsichtige Menge für den großen roten Knopf.","A careful amount for the Big Red Button.","transcripts/de_de/aud_0720_vas_low_mid_01__de_de.script.txt","elevenlabs","IVxgxz5EgbHtWNcgBjOV","eleven_v3","de","mp3_44100_128","generated","2026-06-17T01:24:29+02:00","German localized ElevenLabs v3 speech. Custom narration intentionally mixes du/Sie awkwardly for dry absurdist tone; validated/adapted questionnaire wording preserves measurement meaning before the register joke. Whisper tiny re-transcript stored for audit.","For-AI/german-localization-register-policy.md; ../audio-assets/localized/manifest.json; docs/audio-script-lookup-table.csv"
"aud_0721","vas_low_mid_02","en-US","English generated","questionnaire_vas_spontaneous","vas_spontaneous_low_mid_remark","speech","yes","yes","Pictographic/redness/lost-opportunity VAS behavior when a participant releases or directionally changes a slider into the low_mid bucket.","Randomized bucket-specific VAS remark; never overlaps active study audio or another spontaneous remark; after completion the next VAS-triggered remark is blocked for a random 5-10 seconds; MP3 includes 1s tail silence.","triggerVasSpontaneousRemark(scaleId,value,source); BRB_SPONTANEOUS_REMARK_CUE kind=vas; BRB_SPONTANEOUS_REMARK_COOLDOWN; BRB_SPONTANEOUS_REMARK_NO_OVERLAP","assets/localized/en_us/aud_0721_vas_low_mid_02__en_us.mp3","../audio-assets/localized/en_us/aud_0721_vas_low_mid_02__en_us.mp3","A552876E373E6EE208070F0CEC1ADBCDA2294FD430A199A535FA3BCA3F802518","../audio-assets/localized/manifest.json > assets.aud_0721.locales.en-US","../audio-assets/localized/en_us/aud_0721_vas_low_mid_02__en_us.mp3","A552876E373E6EE208070F0CEC1ADBCDA2294FD430A199A535FA3BCA3F802518","artifacts/vas-spontaneous-remarks-tts generated ElevenLabs draft and approved script catalog","5590","5590","","no","neutral_spontaneous_remark_localized","","Not nothing ... but not dramatic, button-wise.","Not nothing ... but not dramatic, button-wise.","Script-backed transcript stub; replace with Whisper transcript if auditory QA is required.","","../audio-assets/localized/transcripts/en_us/aud_0721_vas_low_mid_02__en_us.script.txt","elevenlabs","IVxgxz5EgbHtWNcgBjOV","eleven_v3","en","mp3_44100_128","generated","2026-06-14T17:28:02.5421046+02:00","Generated with calm voice and 1s tail silence; spontaneous questionnaire remarks are routed through the no-overlap player; VAS remarks use randomized ordering and a randomized 5-10s cooldown after completion.","app/src/main/java/org/bigredbutton/firststudy/BigRedButtonStudyActivity.kt: triggerVasSpontaneousRemark/triggerAgeSoftPrivacyRemark; ../audio-assets/localized/manifest.json"
"aud_0721","vas_low_mid_02","ja-JP","Japanese localized","questionnaire_vas_spontaneous","vas_spontaneous_low_mid_remark","speech","yes","yes","Pictographic/redness/lost-opportunity VAS behavior when a participant releases or directionally changes a slider into the low_mid bucket.","Randomized bucket-specific VAS remark; never overlaps active study audio or another spontaneous remark; after completion the next VAS-triggered remark is blocked for a random 5-10 seconds; MP3 includes 1s tail silence.","triggerVasSpontaneousRemark(scaleId,value,source); BRB_SPONTANEOUS_REMARK_CUE kind=vas; BRB_SPONTANEOUS_REMARK_COOLDOWN; BRB_SPONTANEOUS_REMARK_NO_OVERLAP","assets/localized/ja_jp/aud_0721_vas_low_mid_02__ja_jp.mp3","../audio-assets/localized/ja_jp/aud_0721_vas_low_mid_02__ja_jp.mp3","6C57AB03AF75DC5D5995241E2A1EEA0DE47BB9ACCE54D40087E7EEEFA5110639","../audio-assets/localized/manifest.json > assets.aud_0721.locales.ja-JP","../audio-assets/localized/ja_jp/aud_0721_vas_low_mid_02__ja_jp.mp3","6C57AB03AF75DC5D5995241E2A1EEA0DE47BB9ACCE54D40087E7EEEFA5110639","artifacts/vas-spontaneous-remarks-tts generated ElevenLabs draft and approved script catalog","9927","9927","","no","neutral_spontaneous_remark_localized","","Not nothing ... but not dramatic, button-wise.","ゼロではありません ... でもボタン的には劇的ではありません。","Script-backed transcript stub; replace with Whisper transcript if auditory QA is required.","Not nothing ... but not dramatic, button-wise.","../audio-assets/localized/transcripts/ja_jp/aud_0721_vas_low_mid_02__ja_jp.script.txt","elevenlabs","IVxgxz5EgbHtWNcgBjOV","eleven_v3","ja","mp3_44100_128","generated","2026-06-14T17:28:02.5421046+02:00","Generated with calm voice and 1s tail silence; spontaneous questionnaire remarks are routed through the no-overlap player; VAS remarks use randomized ordering and a randomized 5-10s cooldown after completion.","app/src/main/java/org/bigredbutton/firststudy/BigRedButtonStudyActivity.kt: triggerVasSpontaneousRemark/triggerAgeSoftPrivacyRemark; ../audio-assets/localized/manifest.json"
"aud_0721","vas_low_mid_02","de-DE","German localized","questionnaire_vas_spontaneous","vas_spontaneous_low_mid_remark","speech","yes","yes","Pictographic/redness/lost-opportunity VAS behavior when a participant releases or directionally changes a slider into the low_mid bucket.","Randomized bucket-specific VAS remark; never overlaps active study audio or another spontaneous remark; after completion the next VAS-triggered remark is blocked for a random 5-10 seconds; MP3 includes 1s tail silence.","triggerVasSpontaneousRemark(scaleId,value,source); BRB_SPONTANEOUS_REMARK_CUE kind=vas; BRB_SPONTANEOUS_REMARK_COOLDOWN; BRB_SPONTANEOUS_REMARK_NO_OVERLAP","assets/localized/de_de/aud_0721_vas_low_mid_02__de_de.mp3","../audio-assets/localized/de_de/aud_0721_vas_low_mid_02__de_de.mp3","667FF4131BCEC1FE69F0A6141934775FF48ED7861CA26168CCD2165498704D3C","../audio-assets/localized/manifest.json > assets.aud_0721.locales.de-DE","../audio-assets/localized/de_de/aud_0721_vas_low_mid_02__de_de.mp3","667FF4131BCEC1FE69F0A6141934775FF48ED7861CA26168CCD2165498704D3C","German ElevenLabs localization from English source transcript.","8229","8229","","no","neutral_spontaneous_remark_localized; german_awkward_mixed_du_sie_except_validated_questionnaires","","Not nothing ... but not dramatic, button-wise.","Nicht nichts ... aber knopfmäßig nicht dramatisch."," Nicht nichts, aber knopfmäßig, nicht dramatisch.","Not nothing, but not dramatic button-wise.","transcripts/de_de/aud_0721_vas_low_mid_02__de_de.script.txt","elevenlabs","IVxgxz5EgbHtWNcgBjOV","eleven_v3","de","mp3_44100_128","generated","2026-06-17T01:24:29+02:00","German localized ElevenLabs v3 speech. Custom narration intentionally mixes du/Sie awkwardly for dry absurdist tone; validated/adapted questionnaire wording preserves measurement meaning before the register joke. Whisper tiny re-transcript stored for audit.","For-AI/german-localization-register-policy.md; ../audio-assets/localized/manifest.json; docs/audio-script-lookup-table.csv"
"aud_0722","vas_low_mid_03","en-US","English generated","questionnaire_vas_spontaneous","vas_spontaneous_low_mid_remark","speech","yes","yes","Pictographic/redness/lost-opportunity VAS behavior when a participant releases or directionally changes a slider into the low_mid bucket.","Randomized bucket-specific VAS remark; never overlaps active study audio or another spontaneous remark; after completion the next VAS-triggered remark is blocked for a random 5-10 seconds; MP3 includes 1s tail silence.","triggerVasSpontaneousRemark(scaleId,value,source); BRB_SPONTANEOUS_REMARK_CUE kind=vas; BRB_SPONTANEOUS_REMARK_COOLDOWN; BRB_SPONTANEOUS_REMARK_NO_OVERLAP","assets/localized/en_us/aud_0722_vas_low_mid_03__en_us.mp3","../audio-assets/localized/en_us/aud_0722_vas_low_mid_03__en_us.mp3","D94B45BD60633485B08BA7967210328843DB22DA4EE1867D0816245C744C57F5","../audio-assets/localized/manifest.json > assets.aud_0722.locales.en-US","../audio-assets/localized/en_us/aud_0722_vas_low_mid_03__en_us.mp3","D94B45BD60633485B08BA7967210328843DB22DA4EE1867D0816245C744C57F5","artifacts/vas-spontaneous-remarks-tts generated ElevenLabs draft and approved script catalog","4807","4807","","no","neutral_spontaneous_remark_localized","","A small, legally detectable button quantity.","A small, legally detectable button quantity.","Script-backed transcript stub; replace with Whisper transcript if auditory QA is required.","","../audio-assets/localized/transcripts/en_us/aud_0722_vas_low_mid_03__en_us.script.txt","elevenlabs","IVxgxz5EgbHtWNcgBjOV","eleven_v3","en","mp3_44100_128","generated","2026-06-14T17:28:02.5421046+02:00","Generated with calm voice and 1s tail silence; spontaneous questionnaire remarks are routed through the no-overlap player; VAS remarks use randomized ordering and a randomized 5-10s cooldown after completion.","app/src/main/java/org/bigredbutton/firststudy/BigRedButtonStudyActivity.kt: triggerVasSpontaneousRemark/triggerAgeSoftPrivacyRemark; ../audio-assets/localized/manifest.json"
"aud_0722","vas_low_mid_03","ja-JP","Japanese localized","questionnaire_vas_spontaneous","vas_spontaneous_low_mid_remark","speech","yes","yes","Pictographic/redness/lost-opportunity VAS behavior when a participant releases or directionally changes a slider into the low_mid bucket.","Randomized bucket-specific VAS remark; never overlaps active study audio or another spontaneous remark; after completion the next VAS-triggered remark is blocked for a random 5-10 seconds; MP3 includes 1s tail silence.","triggerVasSpontaneousRemark(scaleId,value,source); BRB_SPONTANEOUS_REMARK_CUE kind=vas; BRB_SPONTANEOUS_REMARK_COOLDOWN; BRB_SPONTANEOUS_REMARK_NO_OVERLAP","assets/localized/ja_jp/aud_0722_vas_low_mid_03__ja_jp.mp3","../audio-assets/localized/ja_jp/aud_0722_vas_low_mid_03__ja_jp.mp3","C13B5046A7A9FBF0477BC3C99395298B4A3F0DEDEA20D0F10C41A7A5D5885DBF","../audio-assets/localized/manifest.json > assets.aud_0722.locales.ja-JP","../audio-assets/localized/ja_jp/aud_0722_vas_low_mid_03__ja_jp.mp3","C13B5046A7A9FBF0477BC3C99395298B4A3F0DEDEA20D0F10C41A7A5D5885DBF","artifacts/vas-spontaneous-remarks-tts generated ElevenLabs draft and approved script catalog","5042","5042","","no","neutral_spontaneous_remark_localized","","A small, legally detectable button quantity.","小さいけれど、法的には検出可能なボタン量です。","Script-backed transcript stub; replace with Whisper transcript if auditory QA is required.","A small, legally detectable button quantity.","../audio-assets/localized/transcripts/ja_jp/aud_0722_vas_low_mid_03__ja_jp.script.txt","elevenlabs","IVxgxz5EgbHtWNcgBjOV","eleven_v3","ja","mp3_44100_128","generated","2026-06-14T17:28:02.5421046+02:00","Generated with calm voice and 1s tail silence; spontaneous questionnaire remarks are routed through the no-overlap player; VAS remarks use randomized ordering and a randomized 5-10s cooldown after completion.","app/src/main/java/org/bigredbutton/firststudy/BigRedButtonStudyActivity.kt: triggerVasSpontaneousRemark/triggerAgeSoftPrivacyRemark; ../audio-assets/localized/manifest.json"
"aud_0722","vas_low_mid_03","de-DE","German localized","questionnaire_vas_spontaneous","vas_spontaneous_low_mid_remark","speech","yes","yes","Pictographic/redness/lost-opportunity VAS behavior when a participant releases or directionally changes a slider into the low_mid bucket.","Randomized bucket-specific VAS remark; never overlaps active study audio or another spontaneous remark; after completion the next VAS-triggered remark is blocked for a random 5-10 seconds; MP3 includes 1s tail silence.","triggerVasSpontaneousRemark(scaleId,value,source); BRB_SPONTANEOUS_REMARK_CUE kind=vas; BRB_SPONTANEOUS_REMARK_COOLDOWN; BRB_SPONTANEOUS_REMARK_NO_OVERLAP","assets/localized/de_de/aud_0722_vas_low_mid_03__de_de.mp3","../audio-assets/localized/de_de/aud_0722_vas_low_mid_03__de_de.mp3","218668A7435C94D532E46FEDBE79E58C70D0473D2998ED815B4CA4B45B0D48B7","../audio-assets/localized/manifest.json > assets.aud_0722.locales.de-DE","../audio-assets/localized/de_de/aud_0722_vas_low_mid_03__de_de.mp3","218668A7435C94D532E46FEDBE79E58C70D0473D2998ED815B4CA4B45B0D48B7","German ElevenLabs localization from English source transcript.","4232","4232","","no","neutral_spontaneous_remark_localized; german_awkward_mixed_du_sie_except_validated_questionnaires","","A small, legally detectable button quantity.","Eine kleine, juristisch erkennbare Knopfmenge."," Eine kleine juristisch erkennbare Knopfmänger.","A small, legally detectable button quantity.","transcripts/de_de/aud_0722_vas_low_mid_03__de_de.script.txt","elevenlabs","IVxgxz5EgbHtWNcgBjOV","eleven_v3","de","mp3_44100_128","generated","2026-06-17T01:24:29+02:00","German localized ElevenLabs v3 speech. Custom narration intentionally mixes du/Sie awkwardly for dry absurdist tone; validated/adapted questionnaire wording preserves measurement meaning before the register joke. Whisper tiny re-transcript stored for audit.","For-AI/german-localization-register-policy.md; ../audio-assets/localized/manifest.json; docs/audio-script-lookup-table.csv"
"aud_0723","vas_low_mid_04","en-US","English generated","questionnaire_vas_spontaneous","vas_spontaneous_low_mid_remark","speech","yes","yes","Pictographic/redness/lost-opportunity VAS behavior when a participant releases or directionally changes a slider into the low_mid bucket.","Randomized bucket-specific VAS remark; never overlaps active study audio or another spontaneous remark; after completion the next VAS-triggered remark is blocked for a random 5-10 seconds; MP3 includes 1s tail silence.","triggerVasSpontaneousRemark(scaleId,value,source); BRB_SPONTANEOUS_REMARK_CUE kind=vas; BRB_SPONTANEOUS_REMARK_COOLDOWN; BRB_SPONTANEOUS_REMARK_NO_OVERLAP","assets/localized/en_us/aud_0723_vas_low_mid_04__en_us.mp3","../audio-assets/localized/en_us/aud_0723_vas_low_mid_04__en_us.mp3","7BF77DEBEFBC92C9DFF5FEE947C74638F41533616482538D6ABADD2BD439F9C6","../audio-assets/localized/manifest.json > assets.aud_0723.locales.en-US","../audio-assets/localized/en_us/aud_0723_vas_low_mid_04__en_us.mp3","7BF77DEBEFBC92C9DFF5FEE947C74638F41533616482538D6ABADD2BD439F9C6","artifacts/vas-spontaneous-remarks-tts generated ElevenLabs draft and approved script catalog","3997","3997","","no","neutral_spontaneous_remark_localized","","The Big Red Button has been gently considered.","The Big Red Button has been gently considered.","Script-backed transcript stub; replace with Whisper transcript if auditory QA is required.","","../audio-assets/localized/transcripts/en_us/aud_0723_vas_low_mid_04__en_us.script.txt","elevenlabs","IVxgxz5EgbHtWNcgBjOV","eleven_v3","en","mp3_44100_128","generated","2026-06-14T17:28:02.5421046+02:00","Generated with calm voice and 1s tail silence; spontaneous questionnaire remarks are routed through the no-overlap player; VAS remarks use randomized ordering and a randomized 5-10s cooldown after completion.","app/src/main/java/org/bigredbutton/firststudy/BigRedButtonStudyActivity.kt: triggerVasSpontaneousRemark/triggerAgeSoftPrivacyRemark; ../audio-assets/localized/manifest.json"
"aud_0723","vas_low_mid_04","ja-JP","Japanese localized","questionnaire_vas_spontaneous","vas_spontaneous_low_mid_remark","speech","yes","yes","Pictographic/redness/lost-opportunity VAS behavior when a participant releases or directionally changes a slider into the low_mid bucket.","Randomized bucket-specific VAS remark; never overlaps active study audio or another spontaneous remark; after completion the next VAS-triggered remark is blocked for a random 5-10 seconds; MP3 includes 1s tail silence.","triggerVasSpontaneousRemark(scaleId,value,source); BRB_SPONTANEOUS_REMARK_CUE kind=vas; BRB_SPONTANEOUS_REMARK_COOLDOWN; BRB_SPONTANEOUS_REMARK_NO_OVERLAP","assets/localized/ja_jp/aud_0723_vas_low_mid_04__ja_jp.mp3","../audio-assets/localized/ja_jp/aud_0723_vas_low_mid_04__ja_jp.mp3","5A58865B192DBA8546AFD6B05F3F0936227BFA61B8620A7245497256567F7B8E","../audio-assets/localized/manifest.json > assets.aud_0723.locales.ja-JP","../audio-assets/localized/ja_jp/aud_0723_vas_low_mid_04__ja_jp.mp3","5A58865B192DBA8546AFD6B05F3F0936227BFA61B8620A7245497256567F7B8E","artifacts/vas-spontaneous-remarks-tts generated ElevenLabs draft and approved script catalog","6870","6870","","no","neutral_spontaneous_remark_localized","","The Big Red Button has been gently considered.","ビッグ・レッド・ボタンは、やさしく検討されました。","Script-backed transcript stub; replace with Whisper transcript if auditory QA is required.","The Big Red Button has been gently considered.","../audio-assets/localized/transcripts/ja_jp/aud_0723_vas_low_mid_04__ja_jp.script.txt","elevenlabs","IVxgxz5EgbHtWNcgBjOV","eleven_v3","ja","mp3_44100_128","generated","2026-06-14T17:28:02.5421046+02:00","Generated with calm voice and 1s tail silence; spontaneous questionnaire remarks are routed through the no-overlap player; VAS remarks use randomized ordering and a randomized 5-10s cooldown after completion.","app/src/main/java/org/bigredbutton/firststudy/BigRedButtonStudyActivity.kt: triggerVasSpontaneousRemark/triggerAgeSoftPrivacyRemark; ../audio-assets/localized/manifest.json"
"aud_0723","vas_low_mid_04","de-DE","German localized","questionnaire_vas_spontaneous","vas_spontaneous_low_mid_remark","speech","yes","yes","Pictographic/redness/lost-opportunity VAS behavior when a participant releases or directionally changes a slider into the low_mid bucket.","Randomized bucket-specific VAS remark; never overlaps active study audio or another spontaneous remark; after completion the next VAS-triggered remark is blocked for a random 5-10 seconds; MP3 includes 1s tail silence.","triggerVasSpontaneousRemark(scaleId,value,source); BRB_SPONTANEOUS_REMARK_CUE kind=vas; BRB_SPONTANEOUS_REMARK_COOLDOWN; BRB_SPONTANEOUS_REMARK_NO_OVERLAP","assets/localized/de_de/aud_0723_vas_low_mid_04__de_de.mp3","../audio-assets/localized/de_de/aud_0723_vas_low_mid_04__de_de.mp3","E31F71BDFF11A9EB11F72D9627F4541B4BC879392231EDE2769D2445F3210884","../audio-assets/localized/manifest.json > assets.aud_0723.locales.de-DE","../audio-assets/localized/de_de/aud_0723_vas_low_mid_04__de_de.mp3","E31F71BDFF11A9EB11F72D9627F4541B4BC879392231EDE2769D2445F3210884","German ElevenLabs localization from English source transcript.","5042","5042","","no","neutral_spontaneous_remark_localized; german_awkward_mixed_du_sie_except_validated_questionnaires","","The Big Red Button has been gently considered.","Der große rote Knopf wurde sanft berücksichtigt."," Der große Rote Knopf wurde sanft berücksichtigt.","The Big Red Button has been gently considered.","transcripts/de_de/aud_0723_vas_low_mid_04__de_de.script.txt","elevenlabs","IVxgxz5EgbHtWNcgBjOV","eleven_v3","de","mp3_44100_128","generated","2026-06-17T01:24:29+02:00","German localized ElevenLabs v3 speech. Custom narration intentionally mixes du/Sie awkwardly for dry absurdist tone; validated/adapted questionnaire wording preserves measurement meaning before the register joke. Whisper tiny re-transcript stored for audit.","For-AI/german-localization-register-policy.md; ../audio-assets/localized/manifest.json; docs/audio-script-lookup-table.csv"
"aud_0724","vas_low_mid_05","en-US","English generated","questionnaire_vas_spontaneous","vas_spontaneous_low_mid_remark","speech","yes","yes","Pictographic/redness/lost-opportunity VAS behavior when a participant releases or directionally changes a slider into the low_mid bucket.","Randomized bucket-specific VAS remark; never overlaps active study audio or another spontaneous remark; after completion the next VAS-triggered remark is blocked for a random 5-10 seconds; MP3 includes 1s tail silence.","triggerVasSpontaneousRemark(scaleId,value,source); BRB_SPONTANEOUS_REMARK_CUE kind=vas; BRB_SPONTANEOUS_REMARK_COOLDOWN; BRB_SPONTANEOUS_REMARK_NO_OVERLAP","assets/localized/en_us/aud_0724_vas_low_mid_05__en_us.mp3","../audio-assets/localized/en_us/aud_0724_vas_low_mid_05__en_us.mp3","CD8270858A8E4BFF944CF5BDA451D22D59F972A280070CC7F89719D39BC3F21E","../audio-assets/localized/manifest.json > assets.aud_0724.locales.en-US","../audio-assets/localized/en_us/aud_0724_vas_low_mid_05__en_us.mp3","CD8270858A8E4BFF944CF5BDA451D22D59F972A280070CC7F89719D39BC3F21E","artifacts/vas-spontaneous-remarks-tts generated ElevenLabs draft and approved script catalog","3762","3762","","no","neutral_spontaneous_remark_localized","","A cautious measurement for a conspicuous button.","A cautious measurement for a conspicuous button.","Script-backed transcript stub; replace with Whisper transcript if auditory QA is required.","","../audio-assets/localized/transcripts/en_us/aud_0724_vas_low_mid_05__en_us.script.txt","elevenlabs","IVxgxz5EgbHtWNcgBjOV","eleven_v3","en","mp3_44100_128","generated","2026-06-14T17:28:02.5421046+02:00","Generated with calm voice and 1s tail silence; spontaneous questionnaire remarks are routed through the no-overlap player; VAS remarks use randomized ordering and a randomized 5-10s cooldown after completion.","app/src/main/java/org/bigredbutton/firststudy/BigRedButtonStudyActivity.kt: triggerVasSpontaneousRemark/triggerAgeSoftPrivacyRemark; ../audio-assets/localized/manifest.json"
"aud_0724","vas_low_mid_05","ja-JP","Japanese localized","questionnaire_vas_spontaneous","vas_spontaneous_low_mid_remark","speech","yes","yes","Pictographic/redness/lost-opportunity VAS behavior when a participant releases or directionally changes a slider into the low_mid bucket.","Randomized bucket-specific VAS remark; never overlaps active study audio or another spontaneous remark; after completion the next VAS-triggered remark is blocked for a random 5-10 seconds; MP3 includes 1s tail silence.","triggerVasSpontaneousRemark(scaleId,value,source); BRB_SPONTANEOUS_REMARK_CUE kind=vas; BRB_SPONTANEOUS_REMARK_COOLDOWN; BRB_SPONTANEOUS_REMARK_NO_OVERLAP","assets/localized/ja_jp/aud_0724_vas_low_mid_05__ja_jp.mp3","../audio-assets/localized/ja_jp/aud_0724_vas_low_mid_05__ja_jp.mp3","DFBE6BCD96A8BFE8E144E1B42BAA2BDF58C6C72CB38BF33553F6557893366854","../audio-assets/localized/manifest.json > assets.aud_0724.locales.ja-JP","../audio-assets/localized/ja_jp/aud_0724_vas_low_mid_05__ja_jp.mp3","DFBE6BCD96A8BFE8E144E1B42BAA2BDF58C6C72CB38BF33553F6557893366854","artifacts/vas-spontaneous-remarks-tts generated ElevenLabs draft and approved script catalog","6557","6557","","no","neutral_spontaneous_remark_localized","","A cautious measurement for a conspicuous button.","目立つボタンに対する、慎重な測定です。","Script-backed transcript stub; replace with Whisper transcript if auditory QA is required.","A cautious measurement for a conspicuous button.","../audio-assets/localized/transcripts/ja_jp/aud_0724_vas_low_mid_05__ja_jp.script.txt","elevenlabs","IVxgxz5EgbHtWNcgBjOV","eleven_v3","ja","mp3_44100_128","generated","2026-06-14T17:28:02.5421046+02:00","Generated with calm voice and 1s tail silence; spontaneous questionnaire remarks are routed through the no-overlap player; VAS remarks use randomized ordering and a randomized 5-10s cooldown after completion.","app/src/main/java/org/bigredbutton/firststudy/BigRedButtonStudyActivity.kt: triggerVasSpontaneousRemark/triggerAgeSoftPrivacyRemark; ../audio-assets/localized/manifest.json"
"aud_0724","vas_low_mid_05","de-DE","German localized","questionnaire_vas_spontaneous","vas_spontaneous_low_mid_remark","speech","yes","yes","Pictographic/redness/lost-opportunity VAS behavior when a participant releases or directionally changes a slider into the low_mid bucket.","Randomized bucket-specific VAS remark; never overlaps active study audio or another spontaneous remark; after completion the next VAS-triggered remark is blocked for a random 5-10 seconds; MP3 includes 1s tail silence.","triggerVasSpontaneousRemark(scaleId,value,source); BRB_SPONTANEOUS_REMARK_CUE kind=vas; BRB_SPONTANEOUS_REMARK_COOLDOWN; BRB_SPONTANEOUS_REMARK_NO_OVERLAP","assets/localized/de_de/aud_0724_vas_low_mid_05__de_de.mp3","../audio-assets/localized/de_de/aud_0724_vas_low_mid_05__de_de.mp3","36FC305EE200094D09AF89A243604B353A0FA2DF69516EF9B9578C3E813EB87F","../audio-assets/localized/manifest.json > assets.aud_0724.locales.de-DE","../audio-assets/localized/de_de/aud_0724_vas_low_mid_05__de_de.mp3","36FC305EE200094D09AF89A243604B353A0FA2DF69516EF9B9578C3E813EB87F","German ElevenLabs localization from English source transcript.","4963","4963","","no","neutral_spontaneous_remark_localized; german_awkward_mixed_du_sie_except_validated_questionnaires","","A cautious measurement for a conspicuous button.","Eine vorsichtige Messung für einen auffälligen Knopf."," eine vorsichtige Messung für einen auffälligen Knopf.","A cautious measurement for a conspicuous button.","transcripts/de_de/aud_0724_vas_low_mid_05__de_de.script.txt","elevenlabs","IVxgxz5EgbHtWNcgBjOV","eleven_v3","de","mp3_44100_128","generated","2026-06-17T01:24:29+02:00","German localized ElevenLabs v3 speech. Custom narration intentionally mixes du/Sie awkwardly for dry absurdist tone; validated/adapted questionnaire wording preserves measurement meaning before the register joke. Whisper tiny re-transcript stored for audit.","For-AI/german-localization-register-policy.md; ../audio-assets/localized/manifest.json; docs/audio-script-lookup-table.csv"
"aud_0730","vas_mid_01","en-US","English generated","questionnaire_vas_spontaneous","vas_spontaneous_mid_remark","speech","yes","yes","Pictographic/redness/lost-opportunity VAS behavior when a participant releases or directionally changes a slider into the mid bucket.","Randomized bucket-specific VAS remark; never overlaps active study audio or another spontaneous remark; after completion the next VAS-triggered remark is blocked for a random 5-10 seconds; MP3 includes 1s tail silence.","triggerVasSpontaneousRemark(scaleId,value,source); BRB_SPONTANEOUS_REMARK_CUE kind=vas; BRB_SPONTANEOUS_REMARK_COOLDOWN; BRB_SPONTANEOUS_REMARK_NO_OVERLAP","assets/localized/en_us/aud_0730_vas_mid_01__en_us.mp3","../audio-assets/localized/en_us/aud_0730_vas_mid_01__en_us.mp3","EE12D9EBCB52BB12757707BAFBB47FE94EE7D224E44DABC112BCACFD076E54F0","../audio-assets/localized/manifest.json > assets.aud_0730.locales.en-US","../audio-assets/localized/en_us/aud_0730_vas_mid_01__en_us.mp3","EE12D9EBCB52BB12757707BAFBB47FE94EE7D224E44DABC112BCACFD076E54F0","artifacts/vas-spontaneous-remarks-tts generated ElevenLabs draft and approved script catalog","5120","5120","","no","neutral_spontaneous_remark_localized","","Right in the suspicious middle, Big Red Button edition.","Right in the suspicious middle, Big Red Button edition.","Script-backed transcript stub; replace with Whisper transcript if auditory QA is required.","","../audio-assets/localized/transcripts/en_us/aud_0730_vas_mid_01__en_us.script.txt","elevenlabs","IVxgxz5EgbHtWNcgBjOV","eleven_v3","en","mp3_44100_128","generated","2026-06-14T17:28:02.5421046+02:00","Generated with calm voice and 1s tail silence; spontaneous questionnaire remarks are routed through the no-overlap player; VAS remarks use randomized ordering and a randomized 5-10s cooldown after completion.","app/src/main/java/org/bigredbutton/firststudy/BigRedButtonStudyActivity.kt: triggerVasSpontaneousRemark/triggerAgeSoftPrivacyRemark; ../audio-assets/localized/manifest.json"
"aud_0730","vas_mid_01","ja-JP","Japanese localized","questionnaire_vas_spontaneous","vas_spontaneous_mid_remark","speech","yes","yes","Pictographic/redness/lost-opportunity VAS behavior when a participant releases or directionally changes a slider into the mid bucket.","Randomized bucket-specific VAS remark; never overlaps active study audio or another spontaneous remark; after completion the next VAS-triggered remark is blocked for a random 5-10 seconds; MP3 includes 1s tail silence.","triggerVasSpontaneousRemark(scaleId,value,source); BRB_SPONTANEOUS_REMARK_CUE kind=vas; BRB_SPONTANEOUS_REMARK_COOLDOWN; BRB_SPONTANEOUS_REMARK_NO_OVERLAP","assets/localized/ja_jp/aud_0730_vas_mid_01__ja_jp.mp3","../audio-assets/localized/ja_jp/aud_0730_vas_mid_01__ja_jp.mp3","0417646CEB58AC265661965949341427D459E41A771BDB34BE49F8FD94C1EA7C","../audio-assets/localized/manifest.json > assets.aud_0730.locales.ja-JP","../audio-assets/localized/ja_jp/aud_0730_vas_mid_01__ja_jp.mp3","0417646CEB58AC265661965949341427D459E41A771BDB34BE49F8FD94C1EA7C","artifacts/vas-spontaneous-remarks-tts generated ElevenLabs draft and approved script catalog","7523","7523","","no","neutral_spontaneous_remark_localized","","Right in the suspicious middle, Big Red Button edition.","疑わしいほど中央です。ビッグ・レッド・ボタン版です。","Script-backed transcript stub; replace with Whisper transcript if auditory QA is required.","Right in the suspicious middle, Big Red Button edition.","../audio-assets/localized/transcripts/ja_jp/aud_0730_vas_mid_01__ja_jp.script.txt","elevenlabs","IVxgxz5EgbHtWNcgBjOV","eleven_v3","ja","mp3_44100_128","generated","2026-06-14T17:28:02.5421046+02:00","Generated with calm voice and 1s tail silence; spontaneous questionnaire remarks are routed through the no-overlap player; VAS remarks use randomized ordering and a randomized 5-10s cooldown after completion.","app/src/main/java/org/bigredbutton/firststudy/BigRedButtonStudyActivity.kt: triggerVasSpontaneousRemark/triggerAgeSoftPrivacyRemark; ../audio-assets/localized/manifest.json"
"aud_0730","vas_mid_01","de-DE","German localized","questionnaire_vas_spontaneous","vas_spontaneous_mid_remark","speech","yes","yes","Pictographic/redness/lost-opportunity VAS behavior when a participant releases or directionally changes a slider into the mid bucket.","Randomized bucket-specific VAS remark; never overlaps active study audio or another spontaneous remark; after completion the next VAS-triggered remark is blocked for a random 5-10 seconds; MP3 includes 1s tail silence.","triggerVasSpontaneousRemark(scaleId,value,source); BRB_SPONTANEOUS_REMARK_CUE kind=vas; BRB_SPONTANEOUS_REMARK_COOLDOWN; BRB_SPONTANEOUS_REMARK_NO_OVERLAP","assets/localized/de_de/aud_0730_vas_mid_01__de_de.mp3","../audio-assets/localized/de_de/aud_0730_vas_mid_01__de_de.mp3","E982E646553F723A4C6A05D70386CE9D9220405C334A5464E6DCA9F7ADC9DD89","../audio-assets/localized/manifest.json > assets.aud_0730.locales.de-DE","../audio-assets/localized/de_de/aud_0730_vas_mid_01__de_de.mp3","E982E646553F723A4C6A05D70386CE9D9220405C334A5464E6DCA9F7ADC9DD89","German ElevenLabs localization from English source transcript.","6322","6322","","no","neutral_spontaneous_remark_localized; german_awkward_mixed_du_sie_except_validated_questionnaires","","Right in the suspicious middle, Big Red Button edition.","Genau in der verdächtigen Mitte, Ausgabe großer roter Knopf."," Genau in der verdächtigen Mitte, aus Gabel großer roter Knopf.","Right in the suspicious middle.","transcripts/de_de/aud_0730_vas_mid_01__de_de.script.txt","elevenlabs","IVxgxz5EgbHtWNcgBjOV","eleven_v3","de","mp3_44100_128","generated","2026-06-17T01:24:29+02:00","German localized ElevenLabs v3 speech. Custom narration intentionally mixes du/Sie awkwardly for dry absurdist tone; validated/adapted questionnaire wording preserves measurement meaning before the register joke. Whisper tiny re-transcript stored for audit.","For-AI/german-localization-register-policy.md; ../audio-assets/localized/manifest.json; docs/audio-script-lookup-table.csv"
"aud_0731","vas_mid_02","en-US","English generated","questionnaire_vas_spontaneous","vas_spontaneous_mid_remark","speech","yes","yes","Pictographic/redness/lost-opportunity VAS behavior when a participant releases or directionally changes a slider into the mid bucket.","Randomized bucket-specific VAS remark; never overlaps active study audio or another spontaneous remark; after completion the next VAS-triggered remark is blocked for a random 5-10 seconds; MP3 includes 1s tail silence.","triggerVasSpontaneousRemark(scaleId,value,source); BRB_SPONTANEOUS_REMARK_CUE kind=vas; BRB_SPONTANEOUS_REMARK_COOLDOWN; BRB_SPONTANEOUS_REMARK_NO_OVERLAP","assets/localized/en_us/aud_0731_vas_mid_02__en_us.mp3","../audio-assets/localized/en_us/aud_0731_vas_mid_02__en_us.mp3","9FFD26980A36F60720032857B0387309511D0148C6C3911AE8AA005B16077D23","../audio-assets/localized/manifest.json > assets.aud_0731.locales.en-US","../audio-assets/localized/en_us/aud_0731_vas_mid_02__en_us.mp3","9FFD26980A36F60720032857B0387309511D0148C6C3911AE8AA005B16077D23","artifacts/vas-spontaneous-remarks-tts generated ElevenLabs draft and approved script catalog","4310","4310","","no","neutral_spontaneous_remark_localized","","Ah, beautifully noncommittal, button-wise.","Ah, beautifully noncommittal, button-wise.","Script-backed transcript stub; replace with Whisper transcript if auditory QA is required.","","../audio-assets/localized/transcripts/en_us/aud_0731_vas_mid_02__en_us.script.txt","elevenlabs","IVxgxz5EgbHtWNcgBjOV","eleven_v3","en","mp3_44100_128","generated","2026-06-14T17:28:02.5421046+02:00","Generated with calm voice and 1s tail silence; spontaneous questionnaire remarks are routed through the no-overlap player; VAS remarks use randomized ordering and a randomized 5-10s cooldown after completion.","app/src/main/java/org/bigredbutton/firststudy/BigRedButtonStudyActivity.kt: triggerVasSpontaneousRemark/triggerAgeSoftPrivacyRemark; ../audio-assets/localized/manifest.json"
"aud_0731","vas_mid_02","ja-JP","Japanese localized","questionnaire_vas_spontaneous","vas_spontaneous_mid_remark","speech","yes","yes","Pictographic/redness/lost-opportunity VAS behavior when a participant releases or directionally changes a slider into the mid bucket.","Randomized bucket-specific VAS remark; never overlaps active study audio or another spontaneous remark; after completion the next VAS-triggered remark is blocked for a random 5-10 seconds; MP3 includes 1s tail silence.","triggerVasSpontaneousRemark(scaleId,value,source); BRB_SPONTANEOUS_REMARK_CUE kind=vas; BRB_SPONTANEOUS_REMARK_COOLDOWN; BRB_SPONTANEOUS_REMARK_NO_OVERLAP","assets/localized/ja_jp/aud_0731_vas_mid_02__ja_jp.mp3","../audio-assets/localized/ja_jp/aud_0731_vas_mid_02__ja_jp.mp3","1B185AD063EA2FBF43BD662AAD4C90E125F92A7E62E44986301A56E2A64AD4EC","../audio-assets/localized/manifest.json > assets.aud_0731.locales.ja-JP","../audio-assets/localized/ja_jp/aud_0731_vas_mid_02__ja_jp.mp3","1B185AD063EA2FBF43BD662AAD4C90E125F92A7E62E44986301A56E2A64AD4EC","artifacts/vas-spontaneous-remarks-tts generated ElevenLabs draft and approved script catalog","7027","7027","","no","neutral_spontaneous_remark_localized","","Ah, beautifully noncommittal, button-wise.","ああ、ボタン的に見事な中立です。","Script-backed transcript stub; replace with Whisper transcript if auditory QA is required.","Ah, beautifully noncommittal, button-wise.","../audio-assets/localized/transcripts/ja_jp/aud_0731_vas_mid_02__ja_jp.script.txt","elevenlabs","IVxgxz5EgbHtWNcgBjOV","eleven_v3","ja","mp3_44100_128","generated","2026-06-14T17:28:02.5421046+02:00","Generated with calm voice and 1s tail silence; spontaneous questionnaire remarks are routed through the no-overlap player; VAS remarks use randomized ordering and a randomized 5-10s cooldown after completion.","app/src/main/java/org/bigredbutton/firststudy/BigRedButtonStudyActivity.kt: triggerVasSpontaneousRemark/triggerAgeSoftPrivacyRemark; ../audio-assets/localized/manifest.json"
"aud_0731","vas_mid_02","de-DE","German localized","questionnaire_vas_spontaneous","vas_spontaneous_mid_remark","speech","yes","yes","Pictographic/redness/lost-opportunity VAS behavior when a participant releases or directionally changes a slider into the mid bucket.","Randomized bucket-specific VAS remark; never overlaps active study audio or another spontaneous remark; after completion the next VAS-triggered remark is blocked for a random 5-10 seconds; MP3 includes 1s tail silence.","triggerVasSpontaneousRemark(scaleId,value,source); BRB_SPONTANEOUS_REMARK_CUE kind=vas; BRB_SPONTANEOUS_REMARK_COOLDOWN; BRB_SPONTANEOUS_REMARK_NO_OVERLAP","assets/localized/de_de/aud_0731_vas_mid_02__de_de.mp3","../audio-assets/localized/de_de/aud_0731_vas_mid_02__de_de.mp3","2555E4EE6F0F2ABB0682D8095E92C5E01478CE28AC58A0D8750440F171346571","../audio-assets/localized/manifest.json > assets.aud_0731.locales.de-DE","../audio-assets/localized/de_de/aud_0731_vas_mid_02__de_de.mp3","2555E4EE6F0F2ABB0682D8095E92C5E01478CE28AC58A0D8750440F171346571","German ElevenLabs localization from English source transcript.","4885","4885","","no","neutral_spontaneous_remark_localized; german_awkward_mixed_du_sie_except_validated_questionnaires","","Ah, beautifully noncommittal, button-wise.","Ah, wunderbar unverbindlich, knopfmäßig."," Wunderbar und verbindlich knopfmäßig.","Beautifully noncommittal, button-wise.","transcripts/de_de/aud_0731_vas_mid_02__de_de.script.txt","elevenlabs","IVxgxz5EgbHtWNcgBjOV","eleven_v3","de","mp3_44100_128","generated","2026-06-17T01:24:29+02:00","German localized ElevenLabs v3 speech. Custom narration intentionally mixes du/Sie awkwardly for dry absurdist tone; validated/adapted questionnaire wording preserves measurement meaning before the register joke. Whisper tiny re-transcript stored for audit.","For-AI/german-localization-register-policy.md; ../audio-assets/localized/manifest.json; docs/audio-script-lookup-table.csv"
"aud_0732","vas_mid_03","en-US","English generated","questionnaire_vas_spontaneous","vas_spontaneous_mid_remark","speech","yes","yes","Pictographic/redness/lost-opportunity VAS behavior when a participant releases or directionally changes a slider into the mid bucket.","Randomized bucket-specific VAS remark; never overlaps active study audio or another spontaneous remark; after completion the next VAS-triggered remark is blocked for a random 5-10 seconds; MP3 includes 1s tail silence.","triggerVasSpontaneousRemark(scaleId,value,source); BRB_SPONTANEOUS_REMARK_CUE kind=vas; BRB_SPONTANEOUS_REMARK_COOLDOWN; BRB_SPONTANEOUS_REMARK_NO_OVERLAP","assets/localized/en_us/aud_0732_vas_mid_03__en_us.mp3","../audio-assets/localized/en_us/aud_0732_vas_mid_03__en_us.mp3","21BD4E7D6DD5C9DDB417D39095E27290BE04F78A6445179CF18661D3EFB1282C","../audio-assets/localized/manifest.json > assets.aud_0732.locales.en-US","../audio-assets/localized/en_us/aud_0732_vas_mid_03__en_us.mp3","21BD4E7D6DD5C9DDB417D39095E27290BE04F78A6445179CF18661D3EFB1282C","artifacts/vas-spontaneous-remarks-tts generated ElevenLabs draft and approved script catalog","4728","4728","","no","neutral_spontaneous_remark_localized","","A balanced little Big Red Button datum.","A balanced little Big Red Button datum.","Script-backed transcript stub; replace with Whisper transcript if auditory QA is required.","","../audio-assets/localized/transcripts/en_us/aud_0732_vas_mid_03__en_us.script.txt","elevenlabs","IVxgxz5EgbHtWNcgBjOV","eleven_v3","en","mp3_44100_128","generated","2026-06-14T17:28:02.5421046+02:00","Generated with calm voice and 1s tail silence; spontaneous questionnaire remarks are routed through the no-overlap player; VAS remarks use randomized ordering and a randomized 5-10s cooldown after completion.","app/src/main/java/org/bigredbutton/firststudy/BigRedButtonStudyActivity.kt: triggerVasSpontaneousRemark/triggerAgeSoftPrivacyRemark; ../audio-assets/localized/manifest.json"
"aud_0732","vas_mid_03","ja-JP","Japanese localized","questionnaire_vas_spontaneous","vas_spontaneous_mid_remark","speech","yes","yes","Pictographic/redness/lost-opportunity VAS behavior when a participant releases or directionally changes a slider into the mid bucket.","Randomized bucket-specific VAS remark; never overlaps active study audio or another spontaneous remark; after completion the next VAS-triggered remark is blocked for a random 5-10 seconds; MP3 includes 1s tail silence.","triggerVasSpontaneousRemark(scaleId,value,source); BRB_SPONTANEOUS_REMARK_CUE kind=vas; BRB_SPONTANEOUS_REMARK_COOLDOWN; BRB_SPONTANEOUS_REMARK_NO_OVERLAP","assets/localized/ja_jp/aud_0732_vas_mid_03__ja_jp.mp3","../audio-assets/localized/ja_jp/aud_0732_vas_mid_03__ja_jp.mp3","E6825FC71D24D940FD87FAA2DD1051E909A390123E58C5D02F4F97902CF20B1F","../audio-assets/localized/manifest.json > assets.aud_0732.locales.ja-JP","../audio-assets/localized/ja_jp/aud_0732_vas_mid_03__ja_jp.mp3","E6825FC71D24D940FD87FAA2DD1051E909A390123E58C5D02F4F97902CF20B1F","artifacts/vas-spontaneous-remarks-tts generated ElevenLabs draft and approved script catalog","7027","7027","","no","neutral_spontaneous_remark_localized","","A balanced little Big Red Button datum.","バランスの取れた、小さなビッグ・レッド・ボタンのデータです。","Script-backed transcript stub; replace with Whisper transcript if auditory QA is required.","A balanced little Big Red Button datum.","../audio-assets/localized/transcripts/ja_jp/aud_0732_vas_mid_03__ja_jp.script.txt","elevenlabs","IVxgxz5EgbHtWNcgBjOV","eleven_v3","ja","mp3_44100_128","generated","2026-06-14T17:28:02.5421046+02:00","Generated with calm voice and 1s tail silence; spontaneous questionnaire remarks are routed through the no-overlap player; VAS remarks use randomized ordering and a randomized 5-10s cooldown after completion.","app/src/main/java/org/bigredbutton/firststudy/BigRedButtonStudyActivity.kt: triggerVasSpontaneousRemark/triggerAgeSoftPrivacyRemark; ../audio-assets/localized/manifest.json"
"aud_0732","vas_mid_03","de-DE","German localized","questionnaire_vas_spontaneous","vas_spontaneous_mid_remark","speech","yes","yes","Pictographic/redness/lost-opportunity VAS behavior when a participant releases or directionally changes a slider into the mid bucket.","Randomized bucket-specific VAS remark; never overlaps active study audio or another spontaneous remark; after completion the next VAS-triggered remark is blocked for a random 5-10 seconds; MP3 includes 1s tail silence.","triggerVasSpontaneousRemark(scaleId,value,source); BRB_SPONTANEOUS_REMARK_CUE kind=vas; BRB_SPONTANEOUS_REMARK_COOLDOWN; BRB_SPONTANEOUS_REMARK_NO_OVERLAP","assets/localized/de_de/aud_0732_vas_mid_03__de_de.mp3","../audio-assets/localized/de_de/aud_0732_vas_mid_03__de_de.mp3","0BF0612222E274044FCA065018EC344F85AF41447955FF8402E0A1175857CFF7","../audio-assets/localized/manifest.json > assets.aud_0732.locales.de-DE","../audio-assets/localized/de_de/aud_0732_vas_mid_03__de_de.mp3","0BF0612222E274044FCA065018EC344F85AF41447955FF8402E0A1175857CFF7","German ElevenLabs localization from English source transcript.","5433","5433","","no","neutral_spontaneous_remark_localized; german_awkward_mixed_du_sie_except_validated_questionnaires","","A balanced little Big Red Button datum.","Ein ausgewogenes kleines Big-Red-Button-Datum."," Ein ausgewogenes, kleines Begrätbutten datum.","A balanced Big Red Button datum.","transcripts/de_de/aud_0732_vas_mid_03__de_de.script.txt","elevenlabs","IVxgxz5EgbHtWNcgBjOV","eleven_v3","de","mp3_44100_128","generated","2026-06-17T01:24:29+02:00","German localized ElevenLabs v3 speech. Custom narration intentionally mixes du/Sie awkwardly for dry absurdist tone; validated/adapted questionnaire wording preserves measurement meaning before the register joke. Whisper tiny re-transcript stored for audit.","For-AI/german-localization-register-policy.md; ../audio-assets/localized/manifest.json; docs/audio-script-lookup-table.csv"
"aud_0733","vas_mid_04","en-US","English generated","questionnaire_vas_spontaneous","vas_spontaneous_mid_remark","speech","yes","yes","Pictographic/redness/lost-opportunity VAS behavior when a participant releases or directionally changes a slider into the mid bucket.","Randomized bucket-specific VAS remark; never overlaps active study audio or another spontaneous remark; after completion the next VAS-triggered remark is blocked for a random 5-10 seconds; MP3 includes 1s tail silence.","triggerVasSpontaneousRemark(scaleId,value,source); BRB_SPONTANEOUS_REMARK_CUE kind=vas; BRB_SPONTANEOUS_REMARK_COOLDOWN; BRB_SPONTANEOUS_REMARK_NO_OVERLAP","assets/localized/en_us/aud_0733_vas_mid_04__en_us.mp3","../audio-assets/localized/en_us/aud_0733_vas_mid_04__en_us.mp3","94CEC58A0EEEBF2536DE5BA04A068DB436D73D56EBC9122F4D2154C8BF36966F","../audio-assets/localized/manifest.json > assets.aud_0733.locales.en-US","../audio-assets/localized/en_us/aud_0733_vas_mid_04__en_us.mp3","94CEC58A0EEEBF2536DE5BA04A068DB436D73D56EBC9122F4D2154C8BF36966F","artifacts/vas-spontaneous-remarks-tts generated ElevenLabs draft and approved script catalog","4075","4075","","no","neutral_spontaneous_remark_localized","","The Big Red Button receives a medium verdict.","The Big Red Button receives a medium verdict.","Script-backed transcript stub; replace with Whisper transcript if auditory QA is required.","","../audio-assets/localized/transcripts/en_us/aud_0733_vas_mid_04__en_us.script.txt","elevenlabs","IVxgxz5EgbHtWNcgBjOV","eleven_v3","en","mp3_44100_128","generated","2026-06-14T17:28:02.5421046+02:00","Generated with calm voice and 1s tail silence; spontaneous questionnaire remarks are routed through the no-overlap player; VAS remarks use randomized ordering and a randomized 5-10s cooldown after completion.","app/src/main/java/org/bigredbutton/firststudy/BigRedButtonStudyActivity.kt: triggerVasSpontaneousRemark/triggerAgeSoftPrivacyRemark; ../audio-assets/localized/manifest.json"
"aud_0733","vas_mid_04","ja-JP","Japanese localized","questionnaire_vas_spontaneous","vas_spontaneous_mid_remark","speech","yes","yes","Pictographic/redness/lost-opportunity VAS behavior when a participant releases or directionally changes a slider into the mid bucket.","Randomized bucket-specific VAS remark; never overlaps active study audio or another spontaneous remark; after completion the next VAS-triggered remark is blocked for a random 5-10 seconds; MP3 includes 1s tail silence.","triggerVasSpontaneousRemark(scaleId,value,source); BRB_SPONTANEOUS_REMARK_CUE kind=vas; BRB_SPONTANEOUS_REMARK_COOLDOWN; BRB_SPONTANEOUS_REMARK_NO_OVERLAP","assets/localized/ja_jp/aud_0733_vas_mid_04__ja_jp.mp3","../audio-assets/localized/ja_jp/aud_0733_vas_mid_04__ja_jp.mp3","E2515DFEBADD88D733B20FACC0BE0B6BB79867C04FDF2023BA995FF7C9D85F84","../audio-assets/localized/manifest.json > assets.aud_0733.locales.ja-JP","../audio-assets/localized/ja_jp/aud_0733_vas_mid_04__ja_jp.mp3","E2515DFEBADD88D733B20FACC0BE0B6BB79867C04FDF2023BA995FF7C9D85F84","artifacts/vas-spontaneous-remarks-tts generated ElevenLabs draft and approved script catalog","7131","7131","","no","neutral_spontaneous_remark_localized","","The Big Red Button receives a medium verdict.","ビッグ・レッド・ボタンには、中くらいの評決です。","Script-backed transcript stub; replace with Whisper transcript if auditory QA is required.","The Big Red Button receives a medium verdict.","../audio-assets/localized/transcripts/ja_jp/aud_0733_vas_mid_04__ja_jp.script.txt","elevenlabs","IVxgxz5EgbHtWNcgBjOV","eleven_v3","ja","mp3_44100_128","generated","2026-06-14T17:28:02.5421046+02:00","Generated with calm voice and 1s tail silence; spontaneous questionnaire remarks are routed through the no-overlap player; VAS remarks use randomized ordering and a randomized 5-10s cooldown after completion.","app/src/main/java/org/bigredbutton/firststudy/BigRedButtonStudyActivity.kt: triggerVasSpontaneousRemark/triggerAgeSoftPrivacyRemark; ../audio-assets/localized/manifest.json"
"aud_0733","vas_mid_04","de-DE","German localized","questionnaire_vas_spontaneous","vas_spontaneous_mid_remark","speech","yes","yes","Pictographic/redness/lost-opportunity VAS behavior when a participant releases or directionally changes a slider into the mid bucket.","Randomized bucket-specific VAS remark; never overlaps active study audio or another spontaneous remark; after completion the next VAS-triggered remark is blocked for a random 5-10 seconds; MP3 includes 1s tail silence.","triggerVasSpontaneousRemark(scaleId,value,source); BRB_SPONTANEOUS_REMARK_CUE kind=vas; BRB_SPONTANEOUS_REMARK_COOLDOWN; BRB_SPONTANEOUS_REMARK_NO_OVERLAP","assets/localized/de_de/aud_0733_vas_mid_04__de_de.mp3","../audio-assets/localized/de_de/aud_0733_vas_mid_04__de_de.mp3","238163B93B50E29544F70AF05B46B212FF8861D8EF57025ECCBD0D7ACE301675","../audio-assets/localized/manifest.json > assets.aud_0733.locales.de-DE","../audio-assets/localized/de_de/aud_0733_vas_mid_04__de_de.mp3","238163B93B50E29544F70AF05B46B212FF8861D8EF57025ECCBD0D7ACE301675","German ElevenLabs localization from English source transcript.","4650","4650","","no","neutral_spontaneous_remark_localized; german_awkward_mixed_du_sie_except_validated_questionnaires","","The Big Red Button receives a medium verdict.","Der große rote Knopf erhält ein mittleres Urteil."," Der große Rote Knopf erhält ein mittleres Urteil.","The button receives a medium verdict.","transcripts/de_de/aud_0733_vas_mid_04__de_de.script.txt","elevenlabs","IVxgxz5EgbHtWNcgBjOV","eleven_v3","de","mp3_44100_128","generated","2026-06-17T01:24:29+02:00","German localized ElevenLabs v3 speech. Custom narration intentionally mixes du/Sie awkwardly for dry absurdist tone; validated/adapted questionnaire wording preserves measurement meaning before the register joke. Whisper tiny re-transcript stored for audit.","For-AI/german-localization-register-policy.md; ../audio-assets/localized/manifest.json; docs/audio-script-lookup-table.csv"
"aud_0734","vas_mid_05","en-US","English generated","questionnaire_vas_spontaneous","vas_spontaneous_mid_remark","speech","yes","yes","Pictographic/redness/lost-opportunity VAS behavior when a participant releases or directionally changes a slider into the mid bucket.","Randomized bucket-specific VAS remark; never overlaps active study audio or another spontaneous remark; after completion the next VAS-triggered remark is blocked for a random 5-10 seconds; MP3 includes 1s tail silence.","triggerVasSpontaneousRemark(scaleId,value,source); BRB_SPONTANEOUS_REMARK_CUE kind=vas; BRB_SPONTANEOUS_REMARK_COOLDOWN; BRB_SPONTANEOUS_REMARK_NO_OVERLAP","assets/localized/en_us/aud_0734_vas_mid_05__en_us.mp3","../audio-assets/localized/en_us/aud_0734_vas_mid_05__en_us.mp3","60EE8179BC57AC5FC1081C04ACBAC203B6917D31ED33AF9E9549C820E4005191","../audio-assets/localized/manifest.json > assets.aud_0734.locales.en-US","../audio-assets/localized/en_us/aud_0734_vas_mid_05__en_us.mp3","60EE8179BC57AC5FC1081C04ACBAC203B6917D31ED33AF9E9549C820E4005191","artifacts/vas-spontaneous-remarks-tts generated ElevenLabs draft and approved script catalog","3997","3997","","no","neutral_spontaneous_remark_localized","","Neither thunder nor dust from the Big Red Button.","Neither thunder nor dust from the Big Red Button.","Script-backed transcript stub; replace with Whisper transcript if auditory QA is required.","","../audio-assets/localized/transcripts/en_us/aud_0734_vas_mid_05__en_us.script.txt","elevenlabs","IVxgxz5EgbHtWNcgBjOV","eleven_v3","en","mp3_44100_128","generated","2026-06-14T17:28:02.5421046+02:00","Generated with calm voice and 1s tail silence; spontaneous questionnaire remarks are routed through the no-overlap player; VAS remarks use randomized ordering and a randomized 5-10s cooldown after completion.","app/src/main/java/org/bigredbutton/firststudy/BigRedButtonStudyActivity.kt: triggerVasSpontaneousRemark/triggerAgeSoftPrivacyRemark; ../audio-assets/localized/manifest.json"
"aud_0734","vas_mid_05","ja-JP","Japanese localized","questionnaire_vas_spontaneous","vas_spontaneous_mid_remark","speech","yes","yes","Pictographic/redness/lost-opportunity VAS behavior when a participant releases or directionally changes a slider into the mid bucket.","Randomized bucket-specific VAS remark; never overlaps active study audio or another spontaneous remark; after completion the next VAS-triggered remark is blocked for a random 5-10 seconds; MP3 includes 1s tail silence.","triggerVasSpontaneousRemark(scaleId,value,source); BRB_SPONTANEOUS_REMARK_CUE kind=vas; BRB_SPONTANEOUS_REMARK_COOLDOWN; BRB_SPONTANEOUS_REMARK_NO_OVERLAP","assets/localized/ja_jp/aud_0734_vas_mid_05__ja_jp.mp3","../audio-assets/localized/ja_jp/aud_0734_vas_mid_05__ja_jp.mp3","0522C8CCA132FC4C2AF7E7D545A2383AFAFEE4173219B569B5561BE95AA0DEE7","../audio-assets/localized/manifest.json > assets.aud_0734.locales.ja-JP","../audio-assets/localized/ja_jp/aud_0734_vas_mid_05__ja_jp.mp3","0522C8CCA132FC4C2AF7E7D545A2383AFAFEE4173219B569B5561BE95AA0DEE7","artifacts/vas-spontaneous-remarks-tts generated ElevenLabs draft and approved script catalog","7602","7602","","no","neutral_spontaneous_remark_localized","","Neither thunder nor dust from the Big Red Button.","ビッグ・レッド・ボタンからは、雷でもほこりでもありません。","Script-backed transcript stub; replace with Whisper transcript if auditory QA is required.","Neither thunder nor dust from the Big Red Button.","../audio-assets/localized/transcripts/ja_jp/aud_0734_vas_mid_05__ja_jp.script.txt","elevenlabs","IVxgxz5EgbHtWNcgBjOV","eleven_v3","ja","mp3_44100_128","generated","2026-06-14T17:28:02.5421046+02:00","Generated with calm voice and 1s tail silence; spontaneous questionnaire remarks are routed through the no-overlap player; VAS remarks use randomized ordering and a randomized 5-10s cooldown after completion.","app/src/main/java/org/bigredbutton/firststudy/BigRedButtonStudyActivity.kt: triggerVasSpontaneousRemark/triggerAgeSoftPrivacyRemark; ../audio-assets/localized/manifest.json"
"aud_0734","vas_mid_05","de-DE","German localized","questionnaire_vas_spontaneous","vas_spontaneous_mid_remark","speech","yes","yes","Pictographic/redness/lost-opportunity VAS behavior when a participant releases or directionally changes a slider into the mid bucket.","Randomized bucket-specific VAS remark; never overlaps active study audio or another spontaneous remark; after completion the next VAS-triggered remark is blocked for a random 5-10 seconds; MP3 includes 1s tail silence.","triggerVasSpontaneousRemark(scaleId,value,source); BRB_SPONTANEOUS_REMARK_CUE kind=vas; BRB_SPONTANEOUS_REMARK_COOLDOWN; BRB_SPONTANEOUS_REMARK_NO_OVERLAP","assets/localized/de_de/aud_0734_vas_mid_05__de_de.mp3","../audio-assets/localized/de_de/aud_0734_vas_mid_05__de_de.mp3","A4FC93C42FEEA83B0E70910C1F168BB20C03BBC9EE683CBAFDE09FDBC31A9E08","../audio-assets/localized/manifest.json > assets.aud_0734.locales.de-DE","../audio-assets/localized/de_de/aud_0734_vas_mid_05__de_de.mp3","A4FC93C42FEEA83B0E70910C1F168BB20C03BBC9EE683CBAFDE09FDBC31A9E08","German ElevenLabs localization from English source transcript.","5433","5433","","no","neutral_spontaneous_remark_localized; german_awkward_mixed_du_sie_except_validated_questionnaires","","Neither thunder nor dust from the Big Red Button.","Weder Donner noch Staub vom großen roten Knopf."," wieder danach noch stopp vom großen roten Knopf.","Neither thunder nor dust from the button.","transcripts/de_de/aud_0734_vas_mid_05__de_de.script.txt","elevenlabs","IVxgxz5EgbHtWNcgBjOV","eleven_v3","de","mp3_44100_128","generated","2026-06-17T01:24:29+02:00","German localized ElevenLabs v3 speech. Custom narration intentionally mixes du/Sie awkwardly for dry absurdist tone; validated/adapted questionnaire wording preserves measurement meaning before the register joke. Whisper tiny re-transcript stored for audit.","For-AI/german-localization-register-policy.md; ../audio-assets/localized/manifest.json; docs/audio-script-lookup-table.csv"
"aud_0740","vas_high_mid_01","en-US","English generated","questionnaire_vas_spontaneous","vas_spontaneous_high_mid_remark","speech","yes","yes","Pictographic/redness/lost-opportunity VAS behavior when a participant releases or directionally changes a slider into the high_mid bucket.","Randomized bucket-specific VAS remark; never overlaps active study audio or another spontaneous remark; after completion the next VAS-triggered remark is blocked for a random 5-10 seconds; MP3 includes 1s tail silence.","triggerVasSpontaneousRemark(scaleId,value,source); BRB_SPONTANEOUS_REMARK_CUE kind=vas; BRB_SPONTANEOUS_REMARK_COOLDOWN; BRB_SPONTANEOUS_REMARK_NO_OVERLAP","assets/localized/en_us/aud_0740_vas_high_mid_01__en_us.mp3","../audio-assets/localized/en_us/aud_0740_vas_high_mid_01__en_us.mp3","ADD6490C4F094E0E287748FA2F2C4B321B5EFDDFB105F1D6242D157DB439B19E","../audio-assets/localized/manifest.json > assets.aud_0740.locales.en-US","../audio-assets/localized/en_us/aud_0740_vas_high_mid_01__en_us.mp3","ADD6490C4F094E0E287748FA2F2C4B321B5EFDDFB105F1D6242D157DB439B19E","artifacts/vas-spontaneous-remarks-tts generated ElevenLabs draft and approved script catalog","4807","4807","","no","neutral_spontaneous_remark_localized","","Oh, that is quite a lot for the Big Red Button.","Oh, that is quite a lot for the Big Red Button.","Script-backed transcript stub; replace with Whisper transcript if auditory QA is required.","","../audio-assets/localized/transcripts/en_us/aud_0740_vas_high_mid_01__en_us.script.txt","elevenlabs","IVxgxz5EgbHtWNcgBjOV","eleven_v3","en","mp3_44100_128","generated","2026-06-14T17:28:02.5421046+02:00","Generated with calm voice and 1s tail silence; spontaneous questionnaire remarks are routed through the no-overlap player; VAS remarks use randomized ordering and a randomized 5-10s cooldown after completion.","app/src/main/java/org/bigredbutton/firststudy/BigRedButtonStudyActivity.kt: triggerVasSpontaneousRemark/triggerAgeSoftPrivacyRemark; ../audio-assets/localized/manifest.json"
"aud_0740","vas_high_mid_01","ja-JP","Japanese localized","questionnaire_vas_spontaneous","vas_spontaneous_high_mid_remark","speech","yes","yes","Pictographic/redness/lost-opportunity VAS behavior when a participant releases or directionally changes a slider into the high_mid bucket.","Randomized bucket-specific VAS remark; never overlaps active study audio or another spontaneous remark; after completion the next VAS-triggered remark is blocked for a random 5-10 seconds; MP3 includes 1s tail silence.","triggerVasSpontaneousRemark(scaleId,value,source); BRB_SPONTANEOUS_REMARK_CUE kind=vas; BRB_SPONTANEOUS_REMARK_COOLDOWN; BRB_SPONTANEOUS_REMARK_NO_OVERLAP","assets/localized/ja_jp/aud_0740_vas_high_mid_01__ja_jp.mp3","../audio-assets/localized/ja_jp/aud_0740_vas_high_mid_01__ja_jp.mp3","C25A4520979B09E46837DC2B343EF2B419DC1A20AFB04B30C293F9BDD0C759EE","../audio-assets/localized/manifest.json > assets.aud_0740.locales.ja-JP","../audio-assets/localized/ja_jp/aud_0740_vas_high_mid_01__ja_jp.mp3","C25A4520979B09E46837DC2B343EF2B419DC1A20AFB04B30C293F9BDD0C759EE","artifacts/vas-spontaneous-remarks-tts generated ElevenLabs draft and approved script catalog","6557","6557","","no","neutral_spontaneous_remark_localized","","Oh, that is quite a lot for the Big Red Button.","ああ、ビッグ・レッド・ボタンにはかなり多いですね。","Script-backed transcript stub; replace with Whisper transcript if auditory QA is required.","Oh, that is quite a lot for the Big Red Button.","../audio-assets/localized/transcripts/ja_jp/aud_0740_vas_high_mid_01__ja_jp.script.txt","elevenlabs","IVxgxz5EgbHtWNcgBjOV","eleven_v3","ja","mp3_44100_128","generated","2026-06-14T17:28:02.5421046+02:00","Generated with calm voice and 1s tail silence; spontaneous questionnaire remarks are routed through the no-overlap player; VAS remarks use randomized ordering and a randomized 5-10s cooldown after completion.","app/src/main/java/org/bigredbutton/firststudy/BigRedButtonStudyActivity.kt: triggerVasSpontaneousRemark/triggerAgeSoftPrivacyRemark; ../audio-assets/localized/manifest.json"
"aud_0740","vas_high_mid_01","de-DE","German localized","questionnaire_vas_spontaneous","vas_spontaneous_high_mid_remark","speech","yes","yes","Pictographic/redness/lost-opportunity VAS behavior when a participant releases or directionally changes a slider into the high_mid bucket.","Randomized bucket-specific VAS remark; never overlaps active study audio or another spontaneous remark; after completion the next VAS-triggered remark is blocked for a random 5-10 seconds; MP3 includes 1s tail silence.","triggerVasSpontaneousRemark(scaleId,value,source); BRB_SPONTANEOUS_REMARK_CUE kind=vas; BRB_SPONTANEOUS_REMARK_COOLDOWN; BRB_SPONTANEOUS_REMARK_NO_OVERLAP","assets/localized/de_de/aud_0740_vas_high_mid_01__de_de.mp3","../audio-assets/localized/de_de/aud_0740_vas_high_mid_01__de_de.mp3","F2C22F030DC954035533F13FC87E600FB70027F11D2452EF5298F909353C971B","../audio-assets/localized/manifest.json > assets.aud_0740.locales.de-DE","../audio-assets/localized/de_de/aud_0740_vas_high_mid_01__de_de.mp3","F2C22F030DC954035533F13FC87E600FB70027F11D2452EF5298F909353C971B","German ElevenLabs localization from English source transcript.","4807","4807","","no","neutral_spontaneous_remark_localized; german_awkward_mixed_du_sie_except_validated_questionnaires","","Oh, that is quite a lot for the Big Red Button.","Oh, das ist ziemlich viel für den großen roten Knopf."," Das ist ziemlich viel für den großen roten Knopf.","Quite a lot for the button.","transcripts/de_de/aud_0740_vas_high_mid_01__de_de.script.txt","elevenlabs","IVxgxz5EgbHtWNcgBjOV","eleven_v3","de","mp3_44100_128","generated","2026-06-17T01:24:29+02:00","German localized ElevenLabs v3 speech. Custom narration intentionally mixes du/Sie awkwardly for dry absurdist tone; validated/adapted questionnaire wording preserves measurement meaning before the register joke. Whisper tiny re-transcript stored for audit.","For-AI/german-localization-register-policy.md; ../audio-assets/localized/manifest.json; docs/audio-script-lookup-table.csv"
"aud_0741","vas_high_mid_02","en-US","English generated","questionnaire_vas_spontaneous","vas_spontaneous_high_mid_remark","speech","yes","yes","Pictographic/redness/lost-opportunity VAS behavior when a participant releases or directionally changes a slider into the high_mid bucket.","Randomized bucket-specific VAS remark; never overlaps active study audio or another spontaneous remark; after completion the next VAS-triggered remark is blocked for a random 5-10 seconds; MP3 includes 1s tail silence.","triggerVasSpontaneousRemark(scaleId,value,source); BRB_SPONTANEOUS_REMARK_CUE kind=vas; BRB_SPONTANEOUS_REMARK_COOLDOWN; BRB_SPONTANEOUS_REMARK_NO_OVERLAP","assets/localized/en_us/aud_0741_vas_high_mid_02__en_us.mp3","../audio-assets/localized/en_us/aud_0741_vas_high_mid_02__en_us.mp3","E179EBBDA1E1BFFECD4CD56E64BEBDA143DB5ACF7D442580F5C1E1FA181E406A","../audio-assets/localized/manifest.json > assets.aud_0741.locales.en-US","../audio-assets/localized/en_us/aud_0741_vas_high_mid_02__en_us.mp3","E179EBBDA1E1BFFECD4CD56E64BEBDA143DB5ACF7D442580F5C1E1FA181E406A","artifacts/vas-spontaneous-remarks-tts generated ElevenLabs draft and approved script catalog","4389","4389","","no","neutral_spontaneous_remark_localized","","A confident slide for the Big Red Button, yes.","A confident slide for the Big Red Button, yes.","Script-backed transcript stub; replace with Whisper transcript if auditory QA is required.","","../audio-assets/localized/transcripts/en_us/aud_0741_vas_high_mid_02__en_us.script.txt","elevenlabs","IVxgxz5EgbHtWNcgBjOV","eleven_v3","en","mp3_44100_128","generated","2026-06-14T17:28:02.5421046+02:00","Generated with calm voice and 1s tail silence; spontaneous questionnaire remarks are routed through the no-overlap player; VAS remarks use randomized ordering and a randomized 5-10s cooldown after completion.","app/src/main/java/org/bigredbutton/firststudy/BigRedButtonStudyActivity.kt: triggerVasSpontaneousRemark/triggerAgeSoftPrivacyRemark; ../audio-assets/localized/manifest.json"
"aud_0741","vas_high_mid_02","ja-JP","Japanese localized","questionnaire_vas_spontaneous","vas_spontaneous_high_mid_remark","speech","yes","yes","Pictographic/redness/lost-opportunity VAS behavior when a participant releases or directionally changes a slider into the high_mid bucket.","Randomized bucket-specific VAS remark; never overlaps active study audio or another spontaneous remark; after completion the next VAS-triggered remark is blocked for a random 5-10 seconds; MP3 includes 1s tail silence.","triggerVasSpontaneousRemark(scaleId,value,source); BRB_SPONTANEOUS_REMARK_CUE kind=vas; BRB_SPONTANEOUS_REMARK_COOLDOWN; BRB_SPONTANEOUS_REMARK_NO_OVERLAP","assets/localized/ja_jp/aud_0741_vas_high_mid_02__ja_jp.mp3","../audio-assets/localized/ja_jp/aud_0741_vas_high_mid_02__ja_jp.mp3","BE535AB7D997C88EF48B367747225E3C1CD0184F880AECD9ED3441B1D71A5A85","../audio-assets/localized/manifest.json > assets.aud_0741.locales.ja-JP","../audio-assets/localized/ja_jp/aud_0741_vas_high_mid_02__ja_jp.mp3","BE535AB7D997C88EF48B367747225E3C1CD0184F880AECD9ED3441B1D71A5A85","artifacts/vas-spontaneous-remarks-tts generated ElevenLabs draft and approved script catalog","4963","4963","","no","neutral_spontaneous_remark_localized","","A confident slide for the Big Red Button, yes.","ビッグ・レッド・ボタンに向けた、自信あるスライドです。","Script-backed transcript stub; replace with Whisper transcript if auditory QA is required.","A confident slide for the Big Red Button, yes.","../audio-assets/localized/transcripts/ja_jp/aud_0741_vas_high_mid_02__ja_jp.script.txt","elevenlabs","IVxgxz5EgbHtWNcgBjOV","eleven_v3","ja","mp3_44100_128","generated","2026-06-14T17:28:02.5421046+02:00","Generated with calm voice and 1s tail silence; spontaneous questionnaire remarks are routed through the no-overlap player; VAS remarks use randomized ordering and a randomized 5-10s cooldown after completion.","app/src/main/java/org/bigredbutton/firststudy/BigRedButtonStudyActivity.kt: triggerVasSpontaneousRemark/triggerAgeSoftPrivacyRemark; ../audio-assets/localized/manifest.json"
"aud_0741","vas_high_mid_02","de-DE","German localized","questionnaire_vas_spontaneous","vas_spontaneous_high_mid_remark","speech","yes","yes","Pictographic/redness/lost-opportunity VAS behavior when a participant releases or directionally changes a slider into the high_mid bucket.","Randomized bucket-specific VAS remark; never overlaps active study audio or another spontaneous remark; after completion the next VAS-triggered remark is blocked for a random 5-10 seconds; MP3 includes 1s tail silence.","triggerVasSpontaneousRemark(scaleId,value,source); BRB_SPONTANEOUS_REMARK_CUE kind=vas; BRB_SPONTANEOUS_REMARK_COOLDOWN; BRB_SPONTANEOUS_REMARK_NO_OVERLAP","assets/localized/de_de/aud_0741_vas_high_mid_02__de_de.mp3","../audio-assets/localized/de_de/aud_0741_vas_high_mid_02__de_de.mp3","B60B9259E97DEBE1644DA50280F0039FED16ECCF38B1867E70750646205C86F2","../audio-assets/localized/manifest.json > assets.aud_0741.locales.de-DE","../audio-assets/localized/de_de/aud_0741_vas_high_mid_02__de_de.mp3","B60B9259E97DEBE1644DA50280F0039FED16ECCF38B1867E70750646205C86F2","German ElevenLabs localization from English source transcript.","6243","6243","","no","neutral_spontaneous_remark_localized; german_awkward_mixed_du_sie_except_validated_questionnaires","","A confident slide for the Big Red Button, yes.","Ein selbstbewusster Schieber für den großen roten Knopf, ja."," Ein selbstbewusster Schieber für den großen roten Knopf. Ja.","A confident slide for the button.","transcripts/de_de/aud_0741_vas_high_mid_02__de_de.script.txt","elevenlabs","IVxgxz5EgbHtWNcgBjOV","eleven_v3","de","mp3_44100_128","generated","2026-06-17T01:24:29+02:00","German localized ElevenLabs v3 speech. Custom narration intentionally mixes du/Sie awkwardly for dry absurdist tone; validated/adapted questionnaire wording preserves measurement meaning before the register joke. Whisper tiny re-transcript stored for audit.","For-AI/german-localization-register-policy.md; ../audio-assets/localized/manifest.json; docs/audio-script-lookup-table.csv"
"aud_0742","vas_high_mid_03","en-US","English generated","questionnaire_vas_spontaneous","vas_spontaneous_high_mid_remark","speech","yes","yes","Pictographic/redness/lost-opportunity VAS behavior when a participant releases or directionally changes a slider into the high_mid bucket.","Randomized bucket-specific VAS remark; never overlaps active study audio or another spontaneous remark; after completion the next VAS-triggered remark is blocked for a random 5-10 seconds; MP3 includes 1s tail silence.","triggerVasSpontaneousRemark(scaleId,value,source); BRB_SPONTANEOUS_REMARK_CUE kind=vas; BRB_SPONTANEOUS_REMARK_COOLDOWN; BRB_SPONTANEOUS_REMARK_NO_OVERLAP","assets/localized/en_us/aud_0742_vas_high_mid_03__en_us.mp3","../audio-assets/localized/en_us/aud_0742_vas_high_mid_03__en_us.mp3","F2053D0213DD017BC5908811D44E2F438DE1EF4009337993F570381B84CDC365","../audio-assets/localized/manifest.json > assets.aud_0742.locales.en-US","../audio-assets/localized/en_us/aud_0742_vas_high_mid_03__en_us.mp3","F2053D0213DD017BC5908811D44E2F438DE1EF4009337993F570381B84CDC365","artifacts/vas-spontaneous-remarks-tts generated ElevenLabs draft and approved script catalog","3448","3448","","no","neutral_spontaneous_remark_localized","","The Big Red Button has made an impression.","The Big Red Button has made an impression.","Script-backed transcript stub; replace with Whisper transcript if auditory QA is required.","","../audio-assets/localized/transcripts/en_us/aud_0742_vas_high_mid_03__en_us.script.txt","elevenlabs","IVxgxz5EgbHtWNcgBjOV","eleven_v3","en","mp3_44100_128","generated","2026-06-14T17:28:02.5421046+02:00","Generated with calm voice and 1s tail silence; spontaneous questionnaire remarks are routed through the no-overlap player; VAS remarks use randomized ordering and a randomized 5-10s cooldown after completion.","app/src/main/java/org/bigredbutton/firststudy/BigRedButtonStudyActivity.kt: triggerVasSpontaneousRemark/triggerAgeSoftPrivacyRemark; ../audio-assets/localized/manifest.json"
"aud_0742","vas_high_mid_03","ja-JP","Japanese localized","questionnaire_vas_spontaneous","vas_spontaneous_high_mid_remark","speech","yes","yes","Pictographic/redness/lost-opportunity VAS behavior when a participant releases or directionally changes a slider into the high_mid bucket.","Randomized bucket-specific VAS remark; never overlaps active study audio or another spontaneous remark; after completion the next VAS-triggered remark is blocked for a random 5-10 seconds; MP3 includes 1s tail silence.","triggerVasSpontaneousRemark(scaleId,value,source); BRB_SPONTANEOUS_REMARK_CUE kind=vas; BRB_SPONTANEOUS_REMARK_COOLDOWN; BRB_SPONTANEOUS_REMARK_NO_OVERLAP","assets/localized/ja_jp/aud_0742_vas_high_mid_03__ja_jp.mp3","../audio-assets/localized/ja_jp/aud_0742_vas_high_mid_03__ja_jp.mp3","5468E7D820F4E9C277AB91D0F8308CEFDA1E67E7D8195003E17B13DB2E3C0308","../audio-assets/localized/manifest.json > assets.aud_0742.locales.ja-JP","../audio-assets/localized/ja_jp/aud_0742_vas_high_mid_03__ja_jp.mp3","5468E7D820F4E9C277AB91D0F8308CEFDA1E67E7D8195003E17B13DB2E3C0308","artifacts/vas-spontaneous-remarks-tts generated ElevenLabs draft and approved script catalog","4571","4571","","no","neutral_spontaneous_remark_localized","","The Big Red Button has made an impression.","ビッグ・レッド・ボタンは、印象を残したようです。","Script-backed transcript stub; replace with Whisper transcript if auditory QA is required.","The Big Red Button has made an impression.","../audio-assets/localized/transcripts/ja_jp/aud_0742_vas_high_mid_03__ja_jp.script.txt","elevenlabs","IVxgxz5EgbHtWNcgBjOV","eleven_v3","ja","mp3_44100_128","generated","2026-06-14T17:28:02.5421046+02:00","Generated with calm voice and 1s tail silence; spontaneous questionnaire remarks are routed through the no-overlap player; VAS remarks use randomized ordering and a randomized 5-10s cooldown after completion.","app/src/main/java/org/bigredbutton/firststudy/BigRedButtonStudyActivity.kt: triggerVasSpontaneousRemark/triggerAgeSoftPrivacyRemark; ../audio-assets/localized/manifest.json"
"aud_0742","vas_high_mid_03","de-DE","German localized","questionnaire_vas_spontaneous","vas_spontaneous_high_mid_remark","speech","yes","yes","Pictographic/redness/lost-opportunity VAS behavior when a participant releases or directionally changes a slider into the high_mid bucket.","Randomized bucket-specific VAS remark; never overlaps active study audio or another spontaneous remark; after completion the next VAS-triggered remark is blocked for a random 5-10 seconds; MP3 includes 1s tail silence.","triggerVasSpontaneousRemark(scaleId,value,source); BRB_SPONTANEOUS_REMARK_CUE kind=vas; BRB_SPONTANEOUS_REMARK_COOLDOWN; BRB_SPONTANEOUS_REMARK_NO_OVERLAP","assets/localized/de_de/aud_0742_vas_high_mid_03__de_de.mp3","../audio-assets/localized/de_de/aud_0742_vas_high_mid_03__de_de.mp3","03B41B1BD76F68C81A030DAF5A59A6E29A2F4EDC80E3FFE23C666E67357755E2","../audio-assets/localized/manifest.json > assets.aud_0742.locales.de-DE","../audio-assets/localized/de_de/aud_0742_vas_high_mid_03__de_de.mp3","03B41B1BD76F68C81A030DAF5A59A6E29A2F4EDC80E3FFE23C666E67357755E2","German ElevenLabs localization from English source transcript.","3683","3683","","no","neutral_spontaneous_remark_localized; german_awkward_mixed_du_sie_except_validated_questionnaires","","The Big Red Button has made an impression.","Der große rote Knopf hat Eindruck gemacht."," Der große Rote Knopf hat einen Rückgemacht.","The button made an impression.","transcripts/de_de/aud_0742_vas_high_mid_03__de_de.script.txt","elevenlabs","IVxgxz5EgbHtWNcgBjOV","eleven_v3","de","mp3_44100_128","generated","2026-06-17T01:24:29+02:00","German localized ElevenLabs v3 speech. Custom narration intentionally mixes du/Sie awkwardly for dry absurdist tone; validated/adapted questionnaire wording preserves measurement meaning before the register joke. Whisper tiny re-transcript stored for audit.","For-AI/german-localization-register-policy.md; ../audio-assets/localized/manifest.json; docs/audio-script-lookup-table.csv"
"aud_0743","vas_high_mid_04","en-US","English generated","questionnaire_vas_spontaneous","vas_spontaneous_high_mid_remark","speech","yes","yes","Pictographic/redness/lost-opportunity VAS behavior when a participant releases or directionally changes a slider into the high_mid bucket.","Randomized bucket-specific VAS remark; never overlaps active study audio or another spontaneous remark; after completion the next VAS-triggered remark is blocked for a random 5-10 seconds; MP3 includes 1s tail silence.","triggerVasSpontaneousRemark(scaleId,value,source); BRB_SPONTANEOUS_REMARK_CUE kind=vas; BRB_SPONTANEOUS_REMARK_COOLDOWN; BRB_SPONTANEOUS_REMARK_NO_OVERLAP","assets/localized/en_us/aud_0743_vas_high_mid_04__en_us.mp3","../audio-assets/localized/en_us/aud_0743_vas_high_mid_04__en_us.mp3","1125F329EC41CDB62A2DD616E27263370F42D23B254D829E4BE96C06E097704F","../audio-assets/localized/manifest.json > assets.aud_0743.locales.en-US","../audio-assets/localized/en_us/aud_0743_vas_high_mid_04__en_us.mp3","1125F329EC41CDB62A2DD616E27263370F42D23B254D829E4BE96C06E097704F","artifacts/vas-spontaneous-remarks-tts generated ElevenLabs draft and approved script catalog","3187","3187","","no","neutral_spontaneous_remark_localized","","Now the button scale is doing some work.","Now the button scale is doing some work.","Script-backed transcript stub; replace with Whisper transcript if auditory QA is required.","","../audio-assets/localized/transcripts/en_us/aud_0743_vas_high_mid_04__en_us.script.txt","elevenlabs","IVxgxz5EgbHtWNcgBjOV","eleven_v3","en","mp3_44100_128","generated","2026-06-14T17:28:02.5421046+02:00","Generated with calm voice and 1s tail silence; spontaneous questionnaire remarks are routed through the no-overlap player; VAS remarks use randomized ordering and a randomized 5-10s cooldown after completion.","app/src/main/java/org/bigredbutton/firststudy/BigRedButtonStudyActivity.kt: triggerVasSpontaneousRemark/triggerAgeSoftPrivacyRemark; ../audio-assets/localized/manifest.json"
"aud_0743","vas_high_mid_04","ja-JP","Japanese localized","questionnaire_vas_spontaneous","vas_spontaneous_high_mid_remark","speech","yes","yes","Pictographic/redness/lost-opportunity VAS behavior when a participant releases or directionally changes a slider into the high_mid bucket.","Randomized bucket-specific VAS remark; never overlaps active study audio or another spontaneous remark; after completion the next VAS-triggered remark is blocked for a random 5-10 seconds; MP3 includes 1s tail silence.","triggerVasSpontaneousRemark(scaleId,value,source); BRB_SPONTANEOUS_REMARK_CUE kind=vas; BRB_SPONTANEOUS_REMARK_COOLDOWN; BRB_SPONTANEOUS_REMARK_NO_OVERLAP","assets/localized/ja_jp/aud_0743_vas_high_mid_04__ja_jp.mp3","../audio-assets/localized/ja_jp/aud_0743_vas_high_mid_04__ja_jp.mp3","9281F2C458EF7251DB1F23919951BF7017D6A3C77D924384AF618E7B63D47FE5","../audio-assets/localized/manifest.json > assets.aud_0743.locales.ja-JP","../audio-assets/localized/ja_jp/aud_0743_vas_high_mid_04__ja_jp.mp3","9281F2C458EF7251DB1F23919951BF7017D6A3C77D924384AF618E7B63D47FE5","artifacts/vas-spontaneous-remarks-tts generated ElevenLabs draft and approved script catalog","4310","4310","","no","neutral_spontaneous_remark_localized","","Now the button scale is doing some work.","いま、ボタンの尺度が働いています。","Script-backed transcript stub; replace with Whisper transcript if auditory QA is required.","Now the button scale is doing some work.","../audio-assets/localized/transcripts/ja_jp/aud_0743_vas_high_mid_04__ja_jp.script.txt","elevenlabs","IVxgxz5EgbHtWNcgBjOV","eleven_v3","ja","mp3_44100_128","generated","2026-06-14T17:28:02.5421046+02:00","Generated with calm voice and 1s tail silence; spontaneous questionnaire remarks are routed through the no-overlap player; VAS remarks use randomized ordering and a randomized 5-10s cooldown after completion.","app/src/main/java/org/bigredbutton/firststudy/BigRedButtonStudyActivity.kt: triggerVasSpontaneousRemark/triggerAgeSoftPrivacyRemark; ../audio-assets/localized/manifest.json"
"aud_0743","vas_high_mid_04","de-DE","German localized","questionnaire_vas_spontaneous","vas_spontaneous_high_mid_remark","speech","yes","yes","Pictographic/redness/lost-opportunity VAS behavior when a participant releases or directionally changes a slider into the high_mid bucket.","Randomized bucket-specific VAS remark; never overlaps active study audio or another spontaneous remark; after completion the next VAS-triggered remark is blocked for a random 5-10 seconds; MP3 includes 1s tail silence.","triggerVasSpontaneousRemark(scaleId,value,source); BRB_SPONTANEOUS_REMARK_CUE kind=vas; BRB_SPONTANEOUS_REMARK_COOLDOWN; BRB_SPONTANEOUS_REMARK_NO_OVERLAP","assets/localized/de_de/aud_0743_vas_high_mid_04__de_de.mp3","../audio-assets/localized/de_de/aud_0743_vas_high_mid_04__de_de.mp3","49683D8C115A5098AED99267A280D2D1B2A65D522CD8FE8CCF08A569DA2EBCA5","../audio-assets/localized/manifest.json > assets.aud_0743.locales.de-DE","../audio-assets/localized/de_de/aud_0743_vas_high_mid_04__de_de.mp3","49683D8C115A5098AED99267A280D2D1B2A65D522CD8FE8CCF08A569DA2EBCA5","German ElevenLabs localization from English source transcript.","4467","4467","","no","neutral_spontaneous_remark_localized; german_awkward_mixed_du_sie_except_validated_questionnaires","","Now the button scale is doing some work.","Jetzt leistet die Knopfskala sichtbare Arbeit."," Jetzt leiste die Knopfskala-Sichtbare Arbeit.","Now the button scale is doing work.","transcripts/de_de/aud_0743_vas_high_mid_04__de_de.script.txt","elevenlabs","IVxgxz5EgbHtWNcgBjOV","eleven_v3","de","mp3_44100_128","generated","2026-06-17T01:24:29+02:00","German localized ElevenLabs v3 speech. Custom narration intentionally mixes du/Sie awkwardly for dry absurdist tone; validated/adapted questionnaire wording preserves measurement meaning before the register joke. Whisper tiny re-transcript stored for audit.","For-AI/german-localization-register-policy.md; ../audio-assets/localized/manifest.json; docs/audio-script-lookup-table.csv"
"aud_0744","vas_high_mid_05","en-US","English generated","questionnaire_vas_spontaneous","vas_spontaneous_high_mid_remark","speech","yes","yes","Pictographic/redness/lost-opportunity VAS behavior when a participant releases or directionally changes a slider into the high_mid bucket.","Randomized bucket-specific VAS remark; never overlaps active study audio or another spontaneous remark; after completion the next VAS-triggered remark is blocked for a random 5-10 seconds; MP3 includes 1s tail silence.","triggerVasSpontaneousRemark(scaleId,value,source); BRB_SPONTANEOUS_REMARK_CUE kind=vas; BRB_SPONTANEOUS_REMARK_COOLDOWN; BRB_SPONTANEOUS_REMARK_NO_OVERLAP","assets/localized/en_us/aud_0744_vas_high_mid_05__en_us.mp3","../audio-assets/localized/en_us/aud_0744_vas_high_mid_05__en_us.mp3","783DE8696BA8426B6693C4C7696E6FA04AE87C5084AC24B65277B6FCB071E412","../audio-assets/localized/manifest.json > assets.aud_0744.locales.en-US","../audio-assets/localized/en_us/aud_0744_vas_high_mid_05__en_us.mp3","783DE8696BA8426B6693C4C7696E6FA04AE87C5084AC24B65277B6FCB071E412","artifacts/vas-spontaneous-remarks-tts generated ElevenLabs draft and approved script catalog","4075","4075","","no","neutral_spontaneous_remark_localized","","That is not shy Big Red Button data.","That is not shy Big Red Button data.","Script-backed transcript stub; replace with Whisper transcript if auditory QA is required.","","../audio-assets/localized/transcripts/en_us/aud_0744_vas_high_mid_05__en_us.script.txt","elevenlabs","IVxgxz5EgbHtWNcgBjOV","eleven_v3","en","mp3_44100_128","generated","2026-06-14T17:28:02.5421046+02:00","Generated with calm voice and 1s tail silence; spontaneous questionnaire remarks are routed through the no-overlap player; VAS remarks use randomized ordering and a randomized 5-10s cooldown after completion.","app/src/main/java/org/bigredbutton/firststudy/BigRedButtonStudyActivity.kt: triggerVasSpontaneousRemark/triggerAgeSoftPrivacyRemark; ../audio-assets/localized/manifest.json"
"aud_0744","vas_high_mid_05","ja-JP","Japanese localized","questionnaire_vas_spontaneous","vas_spontaneous_high_mid_remark","speech","yes","yes","Pictographic/redness/lost-opportunity VAS behavior when a participant releases or directionally changes a slider into the high_mid bucket.","Randomized bucket-specific VAS remark; never overlaps active study audio or another spontaneous remark; after completion the next VAS-triggered remark is blocked for a random 5-10 seconds; MP3 includes 1s tail silence.","triggerVasSpontaneousRemark(scaleId,value,source); BRB_SPONTANEOUS_REMARK_CUE kind=vas; BRB_SPONTANEOUS_REMARK_COOLDOWN; BRB_SPONTANEOUS_REMARK_NO_OVERLAP","assets/localized/ja_jp/aud_0744_vas_high_mid_05__ja_jp.mp3","../audio-assets/localized/ja_jp/aud_0744_vas_high_mid_05__ja_jp.mp3","DB13786C37692B7A77F56CFB6F01082999BD1098490BEE4E69B4C57E077C0626","../audio-assets/localized/manifest.json > assets.aud_0744.locales.ja-JP","../audio-assets/localized/ja_jp/aud_0744_vas_high_mid_05__ja_jp.mp3","DB13786C37692B7A77F56CFB6F01082999BD1098490BEE4E69B4C57E077C0626","artifacts/vas-spontaneous-remarks-tts generated ElevenLabs draft and approved script catalog","5669","5669","","no","neutral_spontaneous_remark_localized","","That is not shy Big Red Button data.","これは控えめではない、ビッグ・レッド・ボタンのデータです。","Script-backed transcript stub; replace with Whisper transcript if auditory QA is required.","That is not shy Big Red Button data.","../audio-assets/localized/transcripts/ja_jp/aud_0744_vas_high_mid_05__ja_jp.script.txt","elevenlabs","IVxgxz5EgbHtWNcgBjOV","eleven_v3","ja","mp3_44100_128","generated","2026-06-14T17:28:02.5421046+02:00","Generated with calm voice and 1s tail silence; spontaneous questionnaire remarks are routed through the no-overlap player; VAS remarks use randomized ordering and a randomized 5-10s cooldown after completion.","app/src/main/java/org/bigredbutton/firststudy/BigRedButtonStudyActivity.kt: triggerVasSpontaneousRemark/triggerAgeSoftPrivacyRemark; ../audio-assets/localized/manifest.json"
"aud_0744","vas_high_mid_05","de-DE","German localized","questionnaire_vas_spontaneous","vas_spontaneous_high_mid_remark","speech","yes","yes","Pictographic/redness/lost-opportunity VAS behavior when a participant releases or directionally changes a slider into the high_mid bucket.","Randomized bucket-specific VAS remark; never overlaps active study audio or another spontaneous remark; after completion the next VAS-triggered remark is blocked for a random 5-10 seconds; MP3 includes 1s tail silence.","triggerVasSpontaneousRemark(scaleId,value,source); BRB_SPONTANEOUS_REMARK_CUE kind=vas; BRB_SPONTANEOUS_REMARK_COOLDOWN; BRB_SPONTANEOUS_REMARK_NO_OVERLAP","assets/localized/de_de/aud_0744_vas_high_mid_05__de_de.mp3","../audio-assets/localized/de_de/aud_0744_vas_high_mid_05__de_de.mp3","7E2C6C7D180AE5CFB7C8DCC549685BB28A166E2C760B4F8ACF87467120147D7A","../audio-assets/localized/manifest.json > assets.aud_0744.locales.de-DE","../audio-assets/localized/de_de/aud_0744_vas_high_mid_05__de_de.mp3","7E2C6C7D180AE5CFB7C8DCC549685BB28A166E2C760B4F8ACF87467120147D7A","German ElevenLabs localization from English source transcript.","5277","5277","","no","neutral_spontaneous_remark_localized; german_awkward_mixed_du_sie_except_validated_questionnaires","","That is not shy Big Red Button data.","Das sind nicht schüchterne Big-Red-Button-Daten."," Das sind nicht schüchterne Begrät-Batten-Daten.","Not shy button data.","transcripts/de_de/aud_0744_vas_high_mid_05__de_de.script.txt","elevenlabs","IVxgxz5EgbHtWNcgBjOV","eleven_v3","de","mp3_44100_128","generated","2026-06-17T01:24:29+02:00","German localized ElevenLabs v3 speech. Custom narration intentionally mixes du/Sie awkwardly for dry absurdist tone; validated/adapted questionnaire wording preserves measurement meaning before the register joke. Whisper tiny re-transcript stored for audit.","For-AI/german-localization-register-policy.md; ../audio-assets/localized/manifest.json; docs/audio-script-lookup-table.csv"
"aud_0750","vas_high_01","en-US","English generated","questionnaire_vas_spontaneous","vas_spontaneous_high_remark","speech","yes","yes","Pictographic/redness/lost-opportunity VAS behavior when a participant releases or directionally changes a slider into the high bucket.","Randomized bucket-specific VAS remark; never overlaps active study audio or another spontaneous remark; after completion the next VAS-triggered remark is blocked for a random 5-10 seconds; MP3 includes 1s tail silence.","triggerVasSpontaneousRemark(scaleId,value,source); BRB_SPONTANEOUS_REMARK_CUE kind=vas; BRB_SPONTANEOUS_REMARK_COOLDOWN; BRB_SPONTANEOUS_REMARK_NO_OVERLAP","assets/localized/en_us/aud_0750_vas_high_01__en_us.mp3","../audio-assets/localized/en_us/aud_0750_vas_high_01__en_us.mp3","67CAD965916870839956B2277399E6FDDD87C96D83BBA0F2E65421CB02D0EEC1","../audio-assets/localized/manifest.json > assets.aud_0750.locales.en-US","../audio-assets/localized/en_us/aud_0750_vas_high_01__en_us.mp3","67CAD965916870839956B2277399E6FDDD87C96D83BBA0F2E65421CB02D0EEC1","artifacts/vas-spontaneous-remarks-tts generated ElevenLabs draft and approved script catalog","3997","3997","","no","neutral_spontaneous_remark_localized","","Wow, that is nearly the button maximum.","Wow, that is nearly the button maximum.","Script-backed transcript stub; replace with Whisper transcript if auditory QA is required.","","../audio-assets/localized/transcripts/en_us/aud_0750_vas_high_01__en_us.script.txt","elevenlabs","IVxgxz5EgbHtWNcgBjOV","eleven_v3","en","mp3_44100_128","generated","2026-06-14T17:28:02.5421046+02:00","Generated with calm voice and 1s tail silence; spontaneous questionnaire remarks are routed through the no-overlap player; VAS remarks use randomized ordering and a randomized 5-10s cooldown after completion.","app/src/main/java/org/bigredbutton/firststudy/BigRedButtonStudyActivity.kt: triggerVasSpontaneousRemark/triggerAgeSoftPrivacyRemark; ../audio-assets/localized/manifest.json"
"aud_0750","vas_high_01","ja-JP","Japanese localized","questionnaire_vas_spontaneous","vas_spontaneous_high_remark","speech","yes","yes","Pictographic/redness/lost-opportunity VAS behavior when a participant releases or directionally changes a slider into the high bucket.","Randomized bucket-specific VAS remark; never overlaps active study audio or another spontaneous remark; after completion the next VAS-triggered remark is blocked for a random 5-10 seconds; MP3 includes 1s tail silence.","triggerVasSpontaneousRemark(scaleId,value,source); BRB_SPONTANEOUS_REMARK_CUE kind=vas; BRB_SPONTANEOUS_REMARK_COOLDOWN; BRB_SPONTANEOUS_REMARK_NO_OVERLAP","assets/localized/ja_jp/aud_0750_vas_high_01__ja_jp.mp3","../audio-assets/localized/ja_jp/aud_0750_vas_high_01__ja_jp.mp3","F5588E6AAD0635A7FEAAF95989F069DC76B4ED22F07AA20F27558073E591A95D","../audio-assets/localized/manifest.json > assets.aud_0750.locales.ja-JP","../audio-assets/localized/ja_jp/aud_0750_vas_high_01__ja_jp.mp3","F5588E6AAD0635A7FEAAF95989F069DC76B4ED22F07AA20F27558073E591A95D","artifacts/vas-spontaneous-remarks-tts generated ElevenLabs draft and approved script catalog","4467","4467","","no","neutral_spontaneous_remark_localized","","Wow, that is nearly the button maximum.","わあ、ボタンの最大値にかなり近いです。","Script-backed transcript stub; replace with Whisper transcript if auditory QA is required.","Wow, that is nearly the button maximum.","../audio-assets/localized/transcripts/ja_jp/aud_0750_vas_high_01__ja_jp.script.txt","elevenlabs","IVxgxz5EgbHtWNcgBjOV","eleven_v3","ja","mp3_44100_128","generated","2026-06-14T17:28:02.5421046+02:00","Generated with calm voice and 1s tail silence; spontaneous questionnaire remarks are routed through the no-overlap player; VAS remarks use randomized ordering and a randomized 5-10s cooldown after completion.","app/src/main/java/org/bigredbutton/firststudy/BigRedButtonStudyActivity.kt: triggerVasSpontaneousRemark/triggerAgeSoftPrivacyRemark; ../audio-assets/localized/manifest.json"
"aud_0750","vas_high_01","de-DE","German localized","questionnaire_vas_spontaneous","vas_spontaneous_high_remark","speech","yes","yes","Pictographic/redness/lost-opportunity VAS behavior when a participant releases or directionally changes a slider into the high bucket.","Randomized bucket-specific VAS remark; never overlaps active study audio or another spontaneous remark; after completion the next VAS-triggered remark is blocked for a random 5-10 seconds; MP3 includes 1s tail silence.","triggerVasSpontaneousRemark(scaleId,value,source); BRB_SPONTANEOUS_REMARK_CUE kind=vas; BRB_SPONTANEOUS_REMARK_COOLDOWN; BRB_SPONTANEOUS_REMARK_NO_OVERLAP","assets/localized/de_de/aud_0750_vas_high_01__de_de.mp3","../audio-assets/localized/de_de/aud_0750_vas_high_01__de_de.mp3","8BF35D2F82ECC034439B9C2466F4CBC9F86C58110B86C1EF6C9F29169DED4A48","../audio-assets/localized/manifest.json > assets.aud_0750.locales.de-DE","../audio-assets/localized/de_de/aud_0750_vas_high_01__de_de.mp3","8BF35D2F82ECC034439B9C2466F4CBC9F86C58110B86C1EF6C9F29169DED4A48","German ElevenLabs localization from English source transcript.","4389","4389","","no","neutral_spontaneous_remark_localized; german_awkward_mixed_du_sie_except_validated_questionnaires","","Wow, that is nearly the button maximum.","Wow, das ist beinahe das Knopfmaximum."," Wow, das ist bei einer der Scenopf Maximum.","Nearly the button maximum.","transcripts/de_de/aud_0750_vas_high_01__de_de.script.txt","elevenlabs","IVxgxz5EgbHtWNcgBjOV","eleven_v3","de","mp3_44100_128","generated","2026-06-17T01:24:29+02:00","German localized ElevenLabs v3 speech. Custom narration intentionally mixes du/Sie awkwardly for dry absurdist tone; validated/adapted questionnaire wording preserves measurement meaning before the register joke. Whisper tiny re-transcript stored for audit.","For-AI/german-localization-register-policy.md; ../audio-assets/localized/manifest.json; docs/audio-script-lookup-table.csv"
"aud_0751","vas_high_02","en-US","English generated","questionnaire_vas_spontaneous","vas_spontaneous_high_remark","speech","yes","yes","Pictographic/redness/lost-opportunity VAS behavior when a participant releases or directionally changes a slider into the high bucket.","Randomized bucket-specific VAS remark; never overlaps active study audio or another spontaneous remark; after completion the next VAS-triggered remark is blocked for a random 5-10 seconds; MP3 includes 1s tail silence.","triggerVasSpontaneousRemark(scaleId,value,source); BRB_SPONTANEOUS_REMARK_CUE kind=vas; BRB_SPONTANEOUS_REMARK_COOLDOWN; BRB_SPONTANEOUS_REMARK_NO_OVERLAP","assets/localized/en_us/aud_0751_vas_high_02__en_us.mp3","../audio-assets/localized/en_us/aud_0751_vas_high_02__en_us.mp3","576705F169DBB9CA9E736FB37C36D3D5E0A044BA67938F40C496B7F1102BBEE7","../audio-assets/localized/manifest.json > assets.aud_0751.locales.en-US","../audio-assets/localized/en_us/aud_0751_vas_high_02__en_us.mp3","576705F169DBB9CA9E736FB37C36D3D5E0A044BA67938F40C496B7F1102BBEE7","artifacts/vas-spontaneous-remarks-tts generated ElevenLabs draft and approved script catalog","4885","4885","","no","neutral_spontaneous_remark_localized","","Oh, very much indeed, Big Red Button noted.","Oh, very much indeed, Big Red Button noted.","Script-backed transcript stub; replace with Whisper transcript if auditory QA is required.","","../audio-assets/localized/transcripts/en_us/aud_0751_vas_high_02__en_us.script.txt","elevenlabs","IVxgxz5EgbHtWNcgBjOV","eleven_v3","en","mp3_44100_128","generated","2026-06-14T17:28:02.5421046+02:00","Generated with calm voice and 1s tail silence; spontaneous questionnaire remarks are routed through the no-overlap player; VAS remarks use randomized ordering and a randomized 5-10s cooldown after completion.","app/src/main/java/org/bigredbutton/firststudy/BigRedButtonStudyActivity.kt: triggerVasSpontaneousRemark/triggerAgeSoftPrivacyRemark; ../audio-assets/localized/manifest.json"
"aud_0751","vas_high_02","ja-JP","Japanese localized","questionnaire_vas_spontaneous","vas_spontaneous_high_remark","speech","yes","yes","Pictographic/redness/lost-opportunity VAS behavior when a participant releases or directionally changes a slider into the high bucket.","Randomized bucket-specific VAS remark; never overlaps active study audio or another spontaneous remark; after completion the next VAS-triggered remark is blocked for a random 5-10 seconds; MP3 includes 1s tail silence.","triggerVasSpontaneousRemark(scaleId,value,source); BRB_SPONTANEOUS_REMARK_CUE kind=vas; BRB_SPONTANEOUS_REMARK_COOLDOWN; BRB_SPONTANEOUS_REMARK_NO_OVERLAP","assets/localized/ja_jp/aud_0751_vas_high_02__ja_jp.mp3","../audio-assets/localized/ja_jp/aud_0751_vas_high_02__ja_jp.mp3","5499361984F372DA958FF8B4013FEDE5D3FDC44EAED4B44CD10EAF405B8E1943","../audio-assets/localized/manifest.json > assets.aud_0751.locales.ja-JP","../audio-assets/localized/ja_jp/aud_0751_vas_high_02__ja_jp.mp3","5499361984F372DA958FF8B4013FEDE5D3FDC44EAED4B44CD10EAF405B8E1943","artifacts/vas-spontaneous-remarks-tts generated ElevenLabs draft and approved script catalog","7027","7027","","no","neutral_spontaneous_remark_localized","","Oh, very much indeed, Big Red Button noted.","ああ、とても多いですね。ビッグ・レッド・ボタン、確認しました。","Script-backed transcript stub; replace with Whisper transcript if auditory QA is required.","Oh, very much indeed, Big Red Button noted.","../audio-assets/localized/transcripts/ja_jp/aud_0751_vas_high_02__ja_jp.script.txt","elevenlabs","IVxgxz5EgbHtWNcgBjOV","eleven_v3","ja","mp3_44100_128","generated","2026-06-14T17:28:02.5421046+02:00","Generated with calm voice and 1s tail silence; spontaneous questionnaire remarks are routed through the no-overlap player; VAS remarks use randomized ordering and a randomized 5-10s cooldown after completion.","app/src/main/java/org/bigredbutton/firststudy/BigRedButtonStudyActivity.kt: triggerVasSpontaneousRemark/triggerAgeSoftPrivacyRemark; ../audio-assets/localized/manifest.json"
"aud_0751","vas_high_02","de-DE","German localized","questionnaire_vas_spontaneous","vas_spontaneous_high_remark","speech","yes","yes","Pictographic/redness/lost-opportunity VAS behavior when a participant releases or directionally changes a slider into the high bucket.","Randomized bucket-specific VAS remark; never overlaps active study audio or another spontaneous remark; after completion the next VAS-triggered remark is blocked for a random 5-10 seconds; MP3 includes 1s tail silence.","triggerVasSpontaneousRemark(scaleId,value,source); BRB_SPONTANEOUS_REMARK_CUE kind=vas; BRB_SPONTANEOUS_REMARK_COOLDOWN; BRB_SPONTANEOUS_REMARK_NO_OVERLAP","assets/localized/de_de/aud_0751_vas_high_02__de_de.mp3","../audio-assets/localized/de_de/aud_0751_vas_high_02__de_de.mp3","825003C1D6686D501CE1882CCABCDF457DA681F608D598FF389BCB522E10639E","../audio-assets/localized/manifest.json > assets.aud_0751.locales.de-DE","../audio-assets/localized/de_de/aud_0751_vas_high_02__de_de.mp3","825003C1D6686D501CE1882CCABCDF457DA681F608D598FF389BCB522E10639E","German ElevenLabs localization from English source transcript.","6635","6635","","no","neutral_spontaneous_remark_localized; german_awkward_mixed_du_sie_except_validated_questionnaires","","Oh, very much indeed, Big Red Button noted.","Oh, sehr viel in der Tat. Großer roter Knopf notiert."," Oh, sehr viel in der Tat, großer Roter Knopf nuttiert.","Very much indeed, button noted.","transcripts/de_de/aud_0751_vas_high_02__de_de.script.txt","elevenlabs","IVxgxz5EgbHtWNcgBjOV","eleven_v3","de","mp3_44100_128","generated","2026-06-17T01:24:29+02:00","German localized ElevenLabs v3 speech. Custom narration intentionally mixes du/Sie awkwardly for dry absurdist tone; validated/adapted questionnaire wording preserves measurement meaning before the register joke. Whisper tiny re-transcript stored for audit.","For-AI/german-localization-register-policy.md; ../audio-assets/localized/manifest.json; docs/audio-script-lookup-table.csv"
"aud_0752","vas_high_03","en-US","English generated","questionnaire_vas_spontaneous","vas_spontaneous_high_remark","speech","yes","yes","Pictographic/redness/lost-opportunity VAS behavior when a participant releases or directionally changes a slider into the high bucket.","Randomized bucket-specific VAS remark; never overlaps active study audio or another spontaneous remark; after completion the next VAS-triggered remark is blocked for a random 5-10 seconds; MP3 includes 1s tail silence.","triggerVasSpontaneousRemark(scaleId,value,source); BRB_SPONTANEOUS_REMARK_CUE kind=vas; BRB_SPONTANEOUS_REMARK_COOLDOWN; BRB_SPONTANEOUS_REMARK_NO_OVERLAP","assets/localized/en_us/aud_0752_vas_high_03__en_us.mp3","../audio-assets/localized/en_us/aud_0752_vas_high_03__en_us.mp3","B960B60DA6A570B967581267497FDEE479B8477A4525602CF936CA587E0CE4F0","../audio-assets/localized/manifest.json > assets.aud_0752.locales.en-US","../audio-assets/localized/en_us/aud_0752_vas_high_03__en_us.mp3","B960B60DA6A570B967581267497FDEE479B8477A4525602CF936CA587E0CE4F0","artifacts/vas-spontaneous-remarks-tts generated ElevenLabs draft and approved script catalog","3997","3997","","no","neutral_spontaneous_remark_localized","","The Big Red Button appears to have escalated.","The Big Red Button appears to have escalated.","Script-backed transcript stub; replace with Whisper transcript if auditory QA is required.","","../audio-assets/localized/transcripts/en_us/aud_0752_vas_high_03__en_us.script.txt","elevenlabs","IVxgxz5EgbHtWNcgBjOV","eleven_v3","en","mp3_44100_128","generated","2026-06-14T17:28:02.5421046+02:00","Generated with calm voice and 1s tail silence; spontaneous questionnaire remarks are routed through the no-overlap player; VAS remarks use randomized ordering and a randomized 5-10s cooldown after completion.","app/src/main/java/org/bigredbutton/firststudy/BigRedButtonStudyActivity.kt: triggerVasSpontaneousRemark/triggerAgeSoftPrivacyRemark; ../audio-assets/localized/manifest.json"
"aud_0752","vas_high_03","ja-JP","Japanese localized","questionnaire_vas_spontaneous","vas_spontaneous_high_remark","speech","yes","yes","Pictographic/redness/lost-opportunity VAS behavior when a participant releases or directionally changes a slider into the high bucket.","Randomized bucket-specific VAS remark; never overlaps active study audio or another spontaneous remark; after completion the next VAS-triggered remark is blocked for a random 5-10 seconds; MP3 includes 1s tail silence.","triggerVasSpontaneousRemark(scaleId,value,source); BRB_SPONTANEOUS_REMARK_CUE kind=vas; BRB_SPONTANEOUS_REMARK_COOLDOWN; BRB_SPONTANEOUS_REMARK_NO_OVERLAP","assets/localized/ja_jp/aud_0752_vas_high_03__ja_jp.mp3","../audio-assets/localized/ja_jp/aud_0752_vas_high_03__ja_jp.mp3","83D79049B550BDA04BC2CA902CC6438820DD9633F9E0AF4C9139CFEF9F3DCCA9","../audio-assets/localized/manifest.json > assets.aud_0752.locales.ja-JP","../audio-assets/localized/ja_jp/aud_0752_vas_high_03__ja_jp.mp3","83D79049B550BDA04BC2CA902CC6438820DD9633F9E0AF4C9139CFEF9F3DCCA9","artifacts/vas-spontaneous-remarks-tts generated ElevenLabs draft and approved script catalog","4310","4310","","no","neutral_spontaneous_remark_localized","","The Big Red Button appears to have escalated.","ビッグ・レッド・ボタンは、段階を上げたようです。","Script-backed transcript stub; replace with Whisper transcript if auditory QA is required.","The Big Red Button appears to have escalated.","../audio-assets/localized/transcripts/ja_jp/aud_0752_vas_high_03__ja_jp.script.txt","elevenlabs","IVxgxz5EgbHtWNcgBjOV","eleven_v3","ja","mp3_44100_128","generated","2026-06-14T17:28:02.5421046+02:00","Generated with calm voice and 1s tail silence; spontaneous questionnaire remarks are routed through the no-overlap player; VAS remarks use randomized ordering and a randomized 5-10s cooldown after completion.","app/src/main/java/org/bigredbutton/firststudy/BigRedButtonStudyActivity.kt: triggerVasSpontaneousRemark/triggerAgeSoftPrivacyRemark; ../audio-assets/localized/manifest.json"
"aud_0752","vas_high_03","de-DE","German localized","questionnaire_vas_spontaneous","vas_spontaneous_high_remark","speech","yes","yes","Pictographic/redness/lost-opportunity VAS behavior when a participant releases or directionally changes a slider into the high bucket.","Randomized bucket-specific VAS remark; never overlaps active study audio or another spontaneous remark; after completion the next VAS-triggered remark is blocked for a random 5-10 seconds; MP3 includes 1s tail silence.","triggerVasSpontaneousRemark(scaleId,value,source); BRB_SPONTANEOUS_REMARK_CUE kind=vas; BRB_SPONTANEOUS_REMARK_COOLDOWN; BRB_SPONTANEOUS_REMARK_NO_OVERLAP","assets/localized/de_de/aud_0752_vas_high_03__de_de.mp3","../audio-assets/localized/de_de/aud_0752_vas_high_03__de_de.mp3","119B32736F91353A19EA5356AB46BC1017B3013BD89082A9082476CACEE4A2EE","../audio-assets/localized/manifest.json > assets.aud_0752.locales.de-DE","../audio-assets/localized/de_de/aud_0752_vas_high_03__de_de.mp3","119B32736F91353A19EA5356AB46BC1017B3013BD89082A9082476CACEE4A2EE","German ElevenLabs localization from English source transcript.","4389","4389","","no","neutral_spontaneous_remark_localized; german_awkward_mixed_du_sie_except_validated_questionnaires","","The Big Red Button appears to have escalated.","Der große rote Knopf scheint eskaliert zu sein."," Der große Rote Knopf scheint eskaliert zu sein.","The button appears to have escalated.","transcripts/de_de/aud_0752_vas_high_03__de_de.script.txt","elevenlabs","IVxgxz5EgbHtWNcgBjOV","eleven_v3","de","mp3_44100_128","generated","2026-06-17T01:24:29+02:00","German localized ElevenLabs v3 speech. Custom narration intentionally mixes du/Sie awkwardly for dry absurdist tone; validated/adapted questionnaire wording preserves measurement meaning before the register joke. Whisper tiny re-transcript stored for audit.","For-AI/german-localization-register-policy.md; ../audio-assets/localized/manifest.json; docs/audio-script-lookup-table.csv"
"aud_0753","vas_high_04","en-US","English generated","questionnaire_vas_spontaneous","vas_spontaneous_high_remark","speech","yes","yes","Pictographic/redness/lost-opportunity VAS behavior when a participant releases or directionally changes a slider into the high bucket.","Randomized bucket-specific VAS remark; never overlaps active study audio or another spontaneous remark; after completion the next VAS-triggered remark is blocked for a random 5-10 seconds; MP3 includes 1s tail silence.","triggerVasSpontaneousRemark(scaleId,value,source); BRB_SPONTANEOUS_REMARK_CUE kind=vas; BRB_SPONTANEOUS_REMARK_COOLDOWN; BRB_SPONTANEOUS_REMARK_NO_OVERLAP","assets/localized/en_us/aud_0753_vas_high_04__en_us.mp3","../audio-assets/localized/en_us/aud_0753_vas_high_04__en_us.mp3","AFC55B4512CCF7F103C8B034AAFA05DEEB189867652A7DE727CA4AEA6E81248A","../audio-assets/localized/manifest.json > assets.aud_0753.locales.en-US","../audio-assets/localized/en_us/aud_0753_vas_high_04__en_us.mp3","AFC55B4512CCF7F103C8B034AAFA05DEEB189867652A7DE727CA4AEA6E81248A","artifacts/vas-spontaneous-remarks-tts generated ElevenLabs draft and approved script catalog","4650","4650","","no","neutral_spontaneous_remark_localized","","A strong button response has entered the laboratory.","A strong button response has entered the laboratory.","Script-backed transcript stub; replace with Whisper transcript if auditory QA is required.","","../audio-assets/localized/transcripts/en_us/aud_0753_vas_high_04__en_us.script.txt","elevenlabs","IVxgxz5EgbHtWNcgBjOV","eleven_v3","en","mp3_44100_128","generated","2026-06-14T17:28:02.5421046+02:00","Generated with calm voice and 1s tail silence; spontaneous questionnaire remarks are routed through the no-overlap player; VAS remarks use randomized ordering and a randomized 5-10s cooldown after completion.","app/src/main/java/org/bigredbutton/firststudy/BigRedButtonStudyActivity.kt: triggerVasSpontaneousRemark/triggerAgeSoftPrivacyRemark; ../audio-assets/localized/manifest.json"
"aud_0753","vas_high_04","ja-JP","Japanese localized","questionnaire_vas_spontaneous","vas_spontaneous_high_remark","speech","yes","yes","Pictographic/redness/lost-opportunity VAS behavior when a participant releases or directionally changes a slider into the high bucket.","Randomized bucket-specific VAS remark; never overlaps active study audio or another spontaneous remark; after completion the next VAS-triggered remark is blocked for a random 5-10 seconds; MP3 includes 1s tail silence.","triggerVasSpontaneousRemark(scaleId,value,source); BRB_SPONTANEOUS_REMARK_CUE kind=vas; BRB_SPONTANEOUS_REMARK_COOLDOWN; BRB_SPONTANEOUS_REMARK_NO_OVERLAP","assets/localized/ja_jp/aud_0753_vas_high_04__ja_jp.mp3","../audio-assets/localized/ja_jp/aud_0753_vas_high_04__ja_jp.mp3","A8720B8CF5037B5D0FA777274659530941B304EC5DF98357ABF463422093F64A","../audio-assets/localized/manifest.json > assets.aud_0753.locales.ja-JP","../audio-assets/localized/ja_jp/aud_0753_vas_high_04__ja_jp.mp3","A8720B8CF5037B5D0FA777274659530941B304EC5DF98357ABF463422093F64A","artifacts/vas-spontaneous-remarks-tts generated ElevenLabs draft and approved script catalog","5198","5198","","no","neutral_spontaneous_remark_localized","","A strong button response has entered the laboratory.","強いボタン反応が、実験室に入りました。","Script-backed transcript stub; replace with Whisper transcript if auditory QA is required.","A strong button response has entered the laboratory.","../audio-assets/localized/transcripts/ja_jp/aud_0753_vas_high_04__ja_jp.script.txt","elevenlabs","IVxgxz5EgbHtWNcgBjOV","eleven_v3","ja","mp3_44100_128","generated","2026-06-14T17:28:02.5421046+02:00","Generated with calm voice and 1s tail silence; spontaneous questionnaire remarks are routed through the no-overlap player; VAS remarks use randomized ordering and a randomized 5-10s cooldown after completion.","app/src/main/java/org/bigredbutton/firststudy/BigRedButtonStudyActivity.kt: triggerVasSpontaneousRemark/triggerAgeSoftPrivacyRemark; ../audio-assets/localized/manifest.json"
"aud_0753","vas_high_04","de-DE","German localized","questionnaire_vas_spontaneous","vas_spontaneous_high_remark","speech","yes","yes","Pictographic/redness/lost-opportunity VAS behavior when a participant releases or directionally changes a slider into the high bucket.","Randomized bucket-specific VAS remark; never overlaps active study audio or another spontaneous remark; after completion the next VAS-triggered remark is blocked for a random 5-10 seconds; MP3 includes 1s tail silence.","triggerVasSpontaneousRemark(scaleId,value,source); BRB_SPONTANEOUS_REMARK_CUE kind=vas; BRB_SPONTANEOUS_REMARK_COOLDOWN; BRB_SPONTANEOUS_REMARK_NO_OVERLAP","assets/localized/de_de/aud_0753_vas_high_04__de_de.mp3","../audio-assets/localized/de_de/aud_0753_vas_high_04__de_de.mp3","582E59F20E7C0F78EC1451BEDB07E145B441DFF50017F1196652B56272B1274E","../audio-assets/localized/manifest.json > assets.aud_0753.locales.de-DE","../audio-assets/localized/de_de/aud_0753_vas_high_04__de_de.mp3","582E59F20E7C0F78EC1451BEDB07E145B441DFF50017F1196652B56272B1274E","German ElevenLabs localization from English source transcript.","5669","5669","","no","neutral_spontaneous_remark_localized; german_awkward_mixed_du_sie_except_validated_questionnaires","","A strong button response has entered the laboratory.","Eine starke Knopfantwort ist ins Labor eingetreten."," Eine starke Knopfantwort ist ins Labor eingetreten.","A strong response entered the laboratory.","transcripts/de_de/aud_0753_vas_high_04__de_de.script.txt","elevenlabs","IVxgxz5EgbHtWNcgBjOV","eleven_v3","de","mp3_44100_128","generated","2026-06-17T01:24:29+02:00","German localized ElevenLabs v3 speech. Custom narration intentionally mixes du/Sie awkwardly for dry absurdist tone; validated/adapted questionnaire wording preserves measurement meaning before the register joke. Whisper tiny re-transcript stored for audit.","For-AI/german-localization-register-policy.md; ../audio-assets/localized/manifest.json; docs/audio-script-lookup-table.csv"
"aud_0754","vas_high_05","en-US","English generated","questionnaire_vas_spontaneous","vas_spontaneous_high_remark","speech","yes","yes","Pictographic/redness/lost-opportunity VAS behavior when a participant releases or directionally changes a slider into the high bucket.","Randomized bucket-specific VAS remark; never overlaps active study audio or another spontaneous remark; after completion the next VAS-triggered remark is blocked for a random 5-10 seconds; MP3 includes 1s tail silence.","triggerVasSpontaneousRemark(scaleId,value,source); BRB_SPONTANEOUS_REMARK_CUE kind=vas; BRB_SPONTANEOUS_REMARK_COOLDOWN; BRB_SPONTANEOUS_REMARK_NO_OVERLAP","assets/localized/en_us/aud_0754_vas_high_05__en_us.mp3","../audio-assets/localized/en_us/aud_0754_vas_high_05__en_us.mp3","C476C8E69BEEFEB5CFACDCB96CE0D26BA48CCED65E8C96532558480E174EB77E","../audio-assets/localized/manifest.json > assets.aud_0754.locales.en-US","../audio-assets/localized/en_us/aud_0754_vas_high_05__en_us.mp3","C476C8E69BEEFEB5CFACDCB96CE0D26BA48CCED65E8C96532558480E174EB77E","artifacts/vas-spontaneous-remarks-tts generated ElevenLabs draft and approved script catalog","5120","5120","","no","neutral_spontaneous_remark_localized","","That Big Red Button slider travelled with purpose.","That Big Red Button slider travelled with purpose.","Script-backed transcript stub; replace with Whisper transcript if auditory QA is required.","","../audio-assets/localized/transcripts/en_us/aud_0754_vas_high_05__en_us.script.txt","elevenlabs","IVxgxz5EgbHtWNcgBjOV","eleven_v3","en","mp3_44100_128","generated","2026-06-14T17:28:02.5421046+02:00","Generated with calm voice and 1s tail silence; spontaneous questionnaire remarks are routed through the no-overlap player; VAS remarks use randomized ordering and a randomized 5-10s cooldown after completion.","app/src/main/java/org/bigredbutton/firststudy/BigRedButtonStudyActivity.kt: triggerVasSpontaneousRemark/triggerAgeSoftPrivacyRemark; ../audio-assets/localized/manifest.json"
"aud_0754","vas_high_05","ja-JP","Japanese localized","questionnaire_vas_spontaneous","vas_spontaneous_high_remark","speech","yes","yes","Pictographic/redness/lost-opportunity VAS behavior when a participant releases or directionally changes a slider into the high bucket.","Randomized bucket-specific VAS remark; never overlaps active study audio or another spontaneous remark; after completion the next VAS-triggered remark is blocked for a random 5-10 seconds; MP3 includes 1s tail silence.","triggerVasSpontaneousRemark(scaleId,value,source); BRB_SPONTANEOUS_REMARK_CUE kind=vas; BRB_SPONTANEOUS_REMARK_COOLDOWN; BRB_SPONTANEOUS_REMARK_NO_OVERLAP","assets/localized/ja_jp/aud_0754_vas_high_05__ja_jp.mp3","../audio-assets/localized/ja_jp/aud_0754_vas_high_05__ja_jp.mp3","EAA8620CD9843DF0C991C98187FF3E5F11A82DD904CF66A1DDD64B39F41555A3","../audio-assets/localized/manifest.json > assets.aud_0754.locales.ja-JP","../audio-assets/localized/ja_jp/aud_0754_vas_high_05__ja_jp.mp3","EAA8620CD9843DF0C991C98187FF3E5F11A82DD904CF66A1DDD64B39F41555A3","artifacts/vas-spontaneous-remarks-tts generated ElevenLabs draft and approved script catalog","6008","6008","","no","neutral_spontaneous_remark_localized","","That Big Red Button slider travelled with purpose.","そのビッグ・レッド・ボタンのスライダーは、目的を持って移動しました。","Script-backed transcript stub; replace with Whisper transcript if auditory QA is required.","That Big Red Button slider travelled with purpose.","../audio-assets/localized/transcripts/ja_jp/aud_0754_vas_high_05__ja_jp.script.txt","elevenlabs","IVxgxz5EgbHtWNcgBjOV","eleven_v3","ja","mp3_44100_128","generated","2026-06-14T17:28:02.5421046+02:00","Generated with calm voice and 1s tail silence; spontaneous questionnaire remarks are routed through the no-overlap player; VAS remarks use randomized ordering and a randomized 5-10s cooldown after completion.","app/src/main/java/org/bigredbutton/firststudy/BigRedButtonStudyActivity.kt: triggerVasSpontaneousRemark/triggerAgeSoftPrivacyRemark; ../audio-assets/localized/manifest.json"
"aud_0754","vas_high_05","de-DE","German localized","questionnaire_vas_spontaneous","vas_spontaneous_high_remark","speech","yes","yes","Pictographic/redness/lost-opportunity VAS behavior when a participant releases or directionally changes a slider into the high bucket.","Randomized bucket-specific VAS remark; never overlaps active study audio or another spontaneous remark; after completion the next VAS-triggered remark is blocked for a random 5-10 seconds; MP3 includes 1s tail silence.","triggerVasSpontaneousRemark(scaleId,value,source); BRB_SPONTANEOUS_REMARK_CUE kind=vas; BRB_SPONTANEOUS_REMARK_COOLDOWN; BRB_SPONTANEOUS_REMARK_NO_OVERLAP","assets/localized/de_de/aud_0754_vas_high_05__de_de.mp3","../audio-assets/localized/de_de/aud_0754_vas_high_05__de_de.mp3","65CB760642581FDFC3F1C7DFCE2EFA650FA58FDC72AC0E2585EE361672BB7703","../audio-assets/localized/manifest.json > assets.aud_0754.locales.de-DE","../audio-assets/localized/de_de/aud_0754_vas_high_05__de_de.mp3","65CB760642581FDFC3F1C7DFCE2EFA650FA58FDC72AC0E2585EE361672BB7703","German ElevenLabs localization from English source transcript.","4153","4153","","no","neutral_spontaneous_remark_localized; german_awkward_mixed_du_sie_except_validated_questionnaires","","That Big Red Button slider travelled with purpose.","Dieser Big-Red-Button-Schieber reiste mit Absicht."," Dieser BigQuery-Batten-Schieber reistet mit Absicht.","The slider travelled with purpose.","transcripts/de_de/aud_0754_vas_high_05__de_de.script.txt","elevenlabs","IVxgxz5EgbHtWNcgBjOV","eleven_v3","de","mp3_44100_128","generated","2026-06-17T01:24:29+02:00","German localized ElevenLabs v3 speech. Custom narration intentionally mixes du/Sie awkwardly for dry absurdist tone; validated/adapted questionnaire wording preserves measurement meaning before the register joke. Whisper tiny re-transcript stored for audit.","For-AI/german-localization-register-policy.md; ../audio-assets/localized/manifest.json; docs/audio-script-lookup-table.csv"
"aud_0760","vas_max_01","en-US","English generated","questionnaire_vas_spontaneous","vas_spontaneous_max_remark","speech","yes","yes","Pictographic/redness/lost-opportunity VAS behavior when a participant releases or directionally changes a slider into the max bucket.","Randomized bucket-specific VAS remark; never overlaps active study audio or another spontaneous remark; after completion the next VAS-triggered remark is blocked for a random 5-10 seconds; MP3 includes 1s tail silence.","triggerVasSpontaneousRemark(scaleId,value,source); BRB_SPONTANEOUS_REMARK_CUE kind=vas; BRB_SPONTANEOUS_REMARK_COOLDOWN; BRB_SPONTANEOUS_REMARK_NO_OVERLAP","assets/localized/en_us/aud_0760_vas_max_01__en_us.mp3","../audio-assets/localized/en_us/aud_0760_vas_max_01__en_us.mp3","CDCC3F5F052C74CF95D23845DAEA7AD1B1E09049751C17A4653A9E6935254302","../audio-assets/localized/manifest.json > assets.aud_0760.locales.en-US","../audio-assets/localized/en_us/aud_0760_vas_max_01__en_us.mp3","CDCC3F5F052C74CF95D23845DAEA7AD1B1E09049751C17A4653A9E6935254302","artifacts/vas-spontaneous-remarks-tts generated ElevenLabs draft and approved script catalog","4963","4963","","no","neutral_spontaneous_remark_localized","","Oh! Almost the ceiling for the Big Red Button.","Oh! Almost the ceiling for the Big Red Button.","Script-backed transcript stub; replace with Whisper transcript if auditory QA is required.","","../audio-assets/localized/transcripts/en_us/aud_0760_vas_max_01__en_us.script.txt","elevenlabs","IVxgxz5EgbHtWNcgBjOV","eleven_v3","en","mp3_44100_128","generated","2026-06-14T17:28:02.5421046+02:00","Generated with calm voice and 1s tail silence; spontaneous questionnaire remarks are routed through the no-overlap player; VAS remarks use randomized ordering and a randomized 5-10s cooldown after completion.","app/src/main/java/org/bigredbutton/firststudy/BigRedButtonStudyActivity.kt: triggerVasSpontaneousRemark/triggerAgeSoftPrivacyRemark; ../audio-assets/localized/manifest.json"
"aud_0760","vas_max_01","ja-JP","Japanese localized","questionnaire_vas_spontaneous","vas_spontaneous_max_remark","speech","yes","yes","Pictographic/redness/lost-opportunity VAS behavior when a participant releases or directionally changes a slider into the max bucket.","Randomized bucket-specific VAS remark; never overlaps active study audio or another spontaneous remark; after completion the next VAS-triggered remark is blocked for a random 5-10 seconds; MP3 includes 1s tail silence.","triggerVasSpontaneousRemark(scaleId,value,source); BRB_SPONTANEOUS_REMARK_CUE kind=vas; BRB_SPONTANEOUS_REMARK_COOLDOWN; BRB_SPONTANEOUS_REMARK_NO_OVERLAP","assets/localized/ja_jp/aud_0760_vas_max_01__ja_jp.mp3","../audio-assets/localized/ja_jp/aud_0760_vas_max_01__ja_jp.mp3","204F3476E0022D72507CB5F2948C6ABC51281DC6FD35261AC01A29401B83AE0C","../audio-assets/localized/manifest.json > assets.aud_0760.locales.ja-JP","../audio-assets/localized/ja_jp/aud_0760_vas_max_01__ja_jp.mp3","204F3476E0022D72507CB5F2948C6ABC51281DC6FD35261AC01A29401B83AE0C","artifacts/vas-spontaneous-remarks-tts generated ElevenLabs draft and approved script catalog","5851","5851","","no","neutral_spontaneous_remark_localized","","Oh! Almost the ceiling for the Big Red Button.","おお！ビッグ・レッド・ボタンとしては、ほぼ天井です。","Script-backed transcript stub; replace with Whisper transcript if auditory QA is required.","Oh! Almost the ceiling for the Big Red Button.","../audio-assets/localized/transcripts/ja_jp/aud_0760_vas_max_01__ja_jp.script.txt","elevenlabs","IVxgxz5EgbHtWNcgBjOV","eleven_v3","ja","mp3_44100_128","generated","2026-06-14T17:28:02.5421046+02:00","Generated with calm voice and 1s tail silence; spontaneous questionnaire remarks are routed through the no-overlap player; VAS remarks use randomized ordering and a randomized 5-10s cooldown after completion.","app/src/main/java/org/bigredbutton/firststudy/BigRedButtonStudyActivity.kt: triggerVasSpontaneousRemark/triggerAgeSoftPrivacyRemark; ../audio-assets/localized/manifest.json"
"aud_0760","vas_max_01","de-DE","German localized","questionnaire_vas_spontaneous","vas_spontaneous_max_remark","speech","yes","yes","Pictographic/redness/lost-opportunity VAS behavior when a participant releases or directionally changes a slider into the max bucket.","Randomized bucket-specific VAS remark; never overlaps active study audio or another spontaneous remark; after completion the next VAS-triggered remark is blocked for a random 5-10 seconds; MP3 includes 1s tail silence.","triggerVasSpontaneousRemark(scaleId,value,source); BRB_SPONTANEOUS_REMARK_CUE kind=vas; BRB_SPONTANEOUS_REMARK_COOLDOWN; BRB_SPONTANEOUS_REMARK_NO_OVERLAP","assets/localized/de_de/aud_0760_vas_max_01__de_de.mp3","../audio-assets/localized/de_de/aud_0760_vas_max_01__de_de.mp3","3C924CC156D9C62E5BA57755D14CD6690335B2266A558106C0C04151519256CA","../audio-assets/localized/manifest.json > assets.aud_0760.locales.de-DE","../audio-assets/localized/de_de/aud_0760_vas_max_01__de_de.mp3","3C924CC156D9C62E5BA57755D14CD6690335B2266A558106C0C04151519256CA","German ElevenLabs localization from English source transcript.","5355","5355","","no","neutral_spontaneous_remark_localized; german_awkward_mixed_du_sie_except_validated_questionnaires","","Oh! Almost the ceiling for the Big Red Button.","Oh! Fast die Decke für den großen roten Knopf."," Oh, fast die Decke für den großen roten Knopf.","Almost the ceiling for the button.","transcripts/de_de/aud_0760_vas_max_01__de_de.script.txt","elevenlabs","IVxgxz5EgbHtWNcgBjOV","eleven_v3","de","mp3_44100_128","generated","2026-06-17T01:24:29+02:00","German localized ElevenLabs v3 speech. Custom narration intentionally mixes du/Sie awkwardly for dry absurdist tone; validated/adapted questionnaire wording preserves measurement meaning before the register joke. Whisper tiny re-transcript stored for audit.","For-AI/german-localization-register-policy.md; ../audio-assets/localized/manifest.json; docs/audio-script-lookup-table.csv"
"aud_0761","vas_max_02","en-US","English generated","questionnaire_vas_spontaneous","vas_spontaneous_max_remark","speech","yes","yes","Pictographic/redness/lost-opportunity VAS behavior when a participant releases or directionally changes a slider into the max bucket.","Randomized bucket-specific VAS remark; never overlaps active study audio or another spontaneous remark; after completion the next VAS-triggered remark is blocked for a random 5-10 seconds; MP3 includes 1s tail silence.","triggerVasSpontaneousRemark(scaleId,value,source); BRB_SPONTANEOUS_REMARK_CUE kind=vas; BRB_SPONTANEOUS_REMARK_COOLDOWN; BRB_SPONTANEOUS_REMARK_NO_OVERLAP","assets/localized/en_us/aud_0761_vas_max_02__en_us.mp3","../audio-assets/localized/en_us/aud_0761_vas_max_02__en_us.mp3","44A7913F70AD9FCF085B74222B2BE9B444121F7CF0A7DFCCE14437B746806D25","../audio-assets/localized/manifest.json > assets.aud_0761.locales.en-US","../audio-assets/localized/en_us/aud_0761_vas_max_02__en_us.mp3","44A7913F70AD9FCF085B74222B2BE9B444121F7CF0A7DFCCE14437B746806D25","artifacts/vas-spontaneous-remarks-tts generated ElevenLabs draft and approved script catalog","4232","4232","","no","neutral_spontaneous_remark_localized","","That is basically the button mountain peak.","That is basically the button mountain peak.","Script-backed transcript stub; replace with Whisper transcript if auditory QA is required.","","../audio-assets/localized/transcripts/en_us/aud_0761_vas_max_02__en_us.script.txt","elevenlabs","IVxgxz5EgbHtWNcgBjOV","eleven_v3","en","mp3_44100_128","generated","2026-06-14T17:28:02.5421046+02:00","Generated with calm voice and 1s tail silence; spontaneous questionnaire remarks are routed through the no-overlap player; VAS remarks use randomized ordering and a randomized 5-10s cooldown after completion.","app/src/main/java/org/bigredbutton/firststudy/BigRedButtonStudyActivity.kt: triggerVasSpontaneousRemark/triggerAgeSoftPrivacyRemark; ../audio-assets/localized/manifest.json"
"aud_0761","vas_max_02","ja-JP","Japanese localized","questionnaire_vas_spontaneous","vas_spontaneous_max_remark","speech","yes","yes","Pictographic/redness/lost-opportunity VAS behavior when a participant releases or directionally changes a slider into the max bucket.","Randomized bucket-specific VAS remark; never overlaps active study audio or another spontaneous remark; after completion the next VAS-triggered remark is blocked for a random 5-10 seconds; MP3 includes 1s tail silence.","triggerVasSpontaneousRemark(scaleId,value,source); BRB_SPONTANEOUS_REMARK_CUE kind=vas; BRB_SPONTANEOUS_REMARK_COOLDOWN; BRB_SPONTANEOUS_REMARK_NO_OVERLAP","assets/localized/ja_jp/aud_0761_vas_max_02__ja_jp.mp3","../audio-assets/localized/ja_jp/aud_0761_vas_max_02__ja_jp.mp3","9A3944AEDB3DF0147BA4DCDC51106247155563E07B0CC28B626E239B5C4C83E9","../audio-assets/localized/manifest.json > assets.aud_0761.locales.ja-JP","../audio-assets/localized/ja_jp/aud_0761_vas_max_02__ja_jp.mp3","9A3944AEDB3DF0147BA4DCDC51106247155563E07B0CC28B626E239B5C4C83E9","artifacts/vas-spontaneous-remarks-tts generated ElevenLabs draft and approved script catalog","7367","7367","","no","neutral_spontaneous_remark_localized","","That is basically the button mountain peak.","それは、ほぼボタン山の頂上です。","Script-backed transcript stub; replace with Whisper transcript if auditory QA is required.","That is basically the button mountain peak.","../audio-assets/localized/transcripts/ja_jp/aud_0761_vas_max_02__ja_jp.script.txt","elevenlabs","IVxgxz5EgbHtWNcgBjOV","eleven_v3","ja","mp3_44100_128","generated","2026-06-14T17:28:02.5421046+02:00","Generated with calm voice and 1s tail silence; spontaneous questionnaire remarks are routed through the no-overlap player; VAS remarks use randomized ordering and a randomized 5-10s cooldown after completion.","app/src/main/java/org/bigredbutton/firststudy/BigRedButtonStudyActivity.kt: triggerVasSpontaneousRemark/triggerAgeSoftPrivacyRemark; ../audio-assets/localized/manifest.json"
"aud_0761","vas_max_02","de-DE","German localized","questionnaire_vas_spontaneous","vas_spontaneous_max_remark","speech","yes","yes","Pictographic/redness/lost-opportunity VAS behavior when a participant releases or directionally changes a slider into the max bucket.","Randomized bucket-specific VAS remark; never overlaps active study audio or another spontaneous remark; after completion the next VAS-triggered remark is blocked for a random 5-10 seconds; MP3 includes 1s tail silence.","triggerVasSpontaneousRemark(scaleId,value,source); BRB_SPONTANEOUS_REMARK_CUE kind=vas; BRB_SPONTANEOUS_REMARK_COOLDOWN; BRB_SPONTANEOUS_REMARK_NO_OVERLAP","assets/localized/de_de/aud_0761_vas_max_02__de_de.mp3","../audio-assets/localized/de_de/aud_0761_vas_max_02__de_de.mp3","42E577E1FBE5AB260A08C02E524C3612454FD506EF6D2EB06AA8E3FB6615566F","../audio-assets/localized/manifest.json > assets.aud_0761.locales.de-DE","../audio-assets/localized/de_de/aud_0761_vas_max_02__de_de.mp3","42E577E1FBE5AB260A08C02E524C3612454FD506EF6D2EB06AA8E3FB6615566F","German ElevenLabs localization from English source transcript.","3683","3683","","no","neutral_spontaneous_remark_localized; german_awkward_mixed_du_sie_except_validated_questionnaires","","That is basically the button mountain peak.","Das ist im Grunde der Gipfel des Knopfberges."," Das ist dem Gründe, der gibt für das Knopfberges.","The button mountain peak.","transcripts/de_de/aud_0761_vas_max_02__de_de.script.txt","elevenlabs","IVxgxz5EgbHtWNcgBjOV","eleven_v3","de","mp3_44100_128","generated","2026-06-17T01:24:29+02:00","German localized ElevenLabs v3 speech. Custom narration intentionally mixes du/Sie awkwardly for dry absurdist tone; validated/adapted questionnaire wording preserves measurement meaning before the register joke. Whisper tiny re-transcript stored for audit.","For-AI/german-localization-register-policy.md; ../audio-assets/localized/manifest.json; docs/audio-script-lookup-table.csv"
"aud_0762","vas_max_03","en-US","English generated","questionnaire_vas_spontaneous","vas_spontaneous_max_remark","speech","yes","yes","Pictographic/redness/lost-opportunity VAS behavior when a participant releases or directionally changes a slider into the max bucket.","Randomized bucket-specific VAS remark; never overlaps active study audio or another spontaneous remark; after completion the next VAS-triggered remark is blocked for a random 5-10 seconds; MP3 includes 1s tail silence.","triggerVasSpontaneousRemark(scaleId,value,source); BRB_SPONTANEOUS_REMARK_CUE kind=vas; BRB_SPONTANEOUS_REMARK_COOLDOWN; BRB_SPONTANEOUS_REMARK_NO_OVERLAP","assets/localized/en_us/aud_0762_vas_max_03__en_us.mp3","../audio-assets/localized/en_us/aud_0762_vas_max_03__en_us.mp3","CA7F9EF2A155D0CC208E82C4811499160A4A7BE23AD5291BF948D9E9ED40B6D5","../audio-assets/localized/manifest.json > assets.aud_0762.locales.en-US","../audio-assets/localized/en_us/aud_0762_vas_max_03__en_us.mp3","CA7F9EF2A155D0CC208E82C4811499160A4A7BE23AD5291BF948D9E9ED40B6D5","artifacts/vas-spontaneous-remarks-tts generated ElevenLabs draft and approved script catalog","3997","3997","","no","neutral_spontaneous_remark_localized","","The Big Red Button has been maximally noticed.","The Big Red Button has been maximally noticed.","Script-backed transcript stub; replace with Whisper transcript if auditory QA is required.","","../audio-assets/localized/transcripts/en_us/aud_0762_vas_max_03__en_us.script.txt","elevenlabs","IVxgxz5EgbHtWNcgBjOV","eleven_v3","en","mp3_44100_128","generated","2026-06-14T17:28:02.5421046+02:00","Generated with calm voice and 1s tail silence; spontaneous questionnaire remarks are routed through the no-overlap player; VAS remarks use randomized ordering and a randomized 5-10s cooldown after completion.","app/src/main/java/org/bigredbutton/firststudy/BigRedButtonStudyActivity.kt: triggerVasSpontaneousRemark/triggerAgeSoftPrivacyRemark; ../audio-assets/localized/manifest.json"
"aud_0762","vas_max_03","ja-JP","Japanese localized","questionnaire_vas_spontaneous","vas_spontaneous_max_remark","speech","yes","yes","Pictographic/redness/lost-opportunity VAS behavior when a participant releases or directionally changes a slider into the max bucket.","Randomized bucket-specific VAS remark; never overlaps active study audio or another spontaneous remark; after completion the next VAS-triggered remark is blocked for a random 5-10 seconds; MP3 includes 1s tail silence.","triggerVasSpontaneousRemark(scaleId,value,source); BRB_SPONTANEOUS_REMARK_CUE kind=vas; BRB_SPONTANEOUS_REMARK_COOLDOWN; BRB_SPONTANEOUS_REMARK_NO_OVERLAP","assets/localized/ja_jp/aud_0762_vas_max_03__ja_jp.mp3","../audio-assets/localized/ja_jp/aud_0762_vas_max_03__ja_jp.mp3","B759A606A4B1730913E6D02AD3E32A632CA183F5C002713B47D6B8F2205FB702","../audio-assets/localized/manifest.json > assets.aud_0762.locales.ja-JP","../audio-assets/localized/ja_jp/aud_0762_vas_max_03__ja_jp.mp3","B759A606A4B1730913E6D02AD3E32A632CA183F5C002713B47D6B8F2205FB702","artifacts/vas-spontaneous-remarks-tts generated ElevenLabs draft and approved script catalog","4885","4885","","no","neutral_spontaneous_remark_localized","","The Big Red Button has been maximally noticed.","ビッグ・レッド・ボタンは、最大限に注目されました。","Script-backed transcript stub; replace with Whisper transcript if auditory QA is required.","The Big Red Button has been maximally noticed.","../audio-assets/localized/transcripts/ja_jp/aud_0762_vas_max_03__ja_jp.script.txt","elevenlabs","IVxgxz5EgbHtWNcgBjOV","eleven_v3","ja","mp3_44100_128","generated","2026-06-14T17:28:02.5421046+02:00","Generated with calm voice and 1s tail silence; spontaneous questionnaire remarks are routed through the no-overlap player; VAS remarks use randomized ordering and a randomized 5-10s cooldown after completion.","app/src/main/java/org/bigredbutton/firststudy/BigRedButtonStudyActivity.kt: triggerVasSpontaneousRemark/triggerAgeSoftPrivacyRemark; ../audio-assets/localized/manifest.json"
"aud_0762","vas_max_03","de-DE","German localized","questionnaire_vas_spontaneous","vas_spontaneous_max_remark","speech","yes","yes","Pictographic/redness/lost-opportunity VAS behavior when a participant releases or directionally changes a slider into the max bucket.","Randomized bucket-specific VAS remark; never overlaps active study audio or another spontaneous remark; after completion the next VAS-triggered remark is blocked for a random 5-10 seconds; MP3 includes 1s tail silence.","triggerVasSpontaneousRemark(scaleId,value,source); BRB_SPONTANEOUS_REMARK_CUE kind=vas; BRB_SPONTANEOUS_REMARK_COOLDOWN; BRB_SPONTANEOUS_REMARK_NO_OVERLAP","assets/localized/de_de/aud_0762_vas_max_03__de_de.mp3","../audio-assets/localized/de_de/aud_0762_vas_max_03__de_de.mp3","6E7E1F7629FF0FA046F35157437561A7287FE48670A73BBA024E801DFD5091FD","../audio-assets/localized/manifest.json > assets.aud_0762.locales.de-DE","../audio-assets/localized/de_de/aud_0762_vas_max_03__de_de.mp3","6E7E1F7629FF0FA046F35157437561A7287FE48670A73BBA024E801DFD5091FD","German ElevenLabs localization from English source transcript.","5433","5433","","no","neutral_spontaneous_remark_localized; german_awkward_mixed_du_sie_except_validated_questionnaires","","The Big Red Button has been maximally noticed.","Der große rote Knopf wurde maximal bemerkt."," Der große Rote Knopf wurde maximal bemerkt.","The button has been maximally noticed.","transcripts/de_de/aud_0762_vas_max_03__de_de.script.txt","elevenlabs","IVxgxz5EgbHtWNcgBjOV","eleven_v3","de","mp3_44100_128","generated","2026-06-17T01:24:29+02:00","German localized ElevenLabs v3 speech. Custom narration intentionally mixes du/Sie awkwardly for dry absurdist tone; validated/adapted questionnaire wording preserves measurement meaning before the register joke. Whisper tiny re-transcript stored for audit.","For-AI/german-localization-register-policy.md; ../audio-assets/localized/manifest.json; docs/audio-script-lookup-table.csv"
"aud_0763","vas_max_04","en-US","English generated","questionnaire_vas_spontaneous","vas_spontaneous_max_remark","speech","yes","yes","Pictographic/redness/lost-opportunity VAS behavior when a participant releases or directionally changes a slider into the max bucket.","Randomized bucket-specific VAS remark; never overlaps active study audio or another spontaneous remark; after completion the next VAS-triggered remark is blocked for a random 5-10 seconds; MP3 includes 1s tail silence.","triggerVasSpontaneousRemark(scaleId,value,source); BRB_SPONTANEOUS_REMARK_CUE kind=vas; BRB_SPONTANEOUS_REMARK_COOLDOWN; BRB_SPONTANEOUS_REMARK_NO_OVERLAP","assets/localized/en_us/aud_0763_vas_max_04__en_us.mp3","../audio-assets/localized/en_us/aud_0763_vas_max_04__en_us.mp3","C1B9191C4D1B498780331AC65A15DB89E568A2BBE6A4D3759BCAD1F627161278","../audio-assets/localized/manifest.json > assets.aud_0763.locales.en-US","../audio-assets/localized/en_us/aud_0763_vas_max_04__en_us.mp3","C1B9191C4D1B498780331AC65A15DB89E568A2BBE6A4D3759BCAD1F627161278","artifacts/vas-spontaneous-remarks-tts generated ElevenLabs draft and approved script catalog","4467","4467","","no","neutral_spontaneous_remark_localized","","A grand and nearly terminal button amount.","A grand and nearly terminal button amount.","Script-backed transcript stub; replace with Whisper transcript if auditory QA is required.","","../audio-assets/localized/transcripts/en_us/aud_0763_vas_max_04__en_us.script.txt","elevenlabs","IVxgxz5EgbHtWNcgBjOV","eleven_v3","en","mp3_44100_128","generated","2026-06-14T17:28:02.5421046+02:00","Generated with calm voice and 1s tail silence; spontaneous questionnaire remarks are routed through the no-overlap player; VAS remarks use randomized ordering and a randomized 5-10s cooldown after completion.","app/src/main/java/org/bigredbutton/firststudy/BigRedButtonStudyActivity.kt: triggerVasSpontaneousRemark/triggerAgeSoftPrivacyRemark; ../audio-assets/localized/manifest.json"
"aud_0763","vas_max_04","ja-JP","Japanese localized","questionnaire_vas_spontaneous","vas_spontaneous_max_remark","speech","yes","yes","Pictographic/redness/lost-opportunity VAS behavior when a participant releases or directionally changes a slider into the max bucket.","Randomized bucket-specific VAS remark; never overlaps active study audio or another spontaneous remark; after completion the next VAS-triggered remark is blocked for a random 5-10 seconds; MP3 includes 1s tail silence.","triggerVasSpontaneousRemark(scaleId,value,source); BRB_SPONTANEOUS_REMARK_CUE kind=vas; BRB_SPONTANEOUS_REMARK_COOLDOWN; BRB_SPONTANEOUS_REMARK_NO_OVERLAP","assets/localized/ja_jp/aud_0763_vas_max_04__ja_jp.mp3","../audio-assets/localized/ja_jp/aud_0763_vas_max_04__ja_jp.mp3","0ECA0720ECEE48396490F8C609D59AEDF8D1257D2DF2E1E3ED3A35CD50B06BFD","../audio-assets/localized/manifest.json > assets.aud_0763.locales.ja-JP","../audio-assets/localized/ja_jp/aud_0763_vas_max_04__ja_jp.mp3","0ECA0720ECEE48396490F8C609D59AEDF8D1257D2DF2E1E3ED3A35CD50B06BFD","artifacts/vas-spontaneous-remarks-tts generated ElevenLabs draft and approved script catalog","4728","4728","","no","neutral_spontaneous_remark_localized","","A grand and nearly terminal button amount.","壮大で、ほぼ終端的なボタン量です。","Script-backed transcript stub; replace with Whisper transcript if auditory QA is required.","A grand and nearly terminal button amount.","../audio-assets/localized/transcripts/ja_jp/aud_0763_vas_max_04__ja_jp.script.txt","elevenlabs","IVxgxz5EgbHtWNcgBjOV","eleven_v3","ja","mp3_44100_128","generated","2026-06-14T17:28:02.5421046+02:00","Generated with calm voice and 1s tail silence; spontaneous questionnaire remarks are routed through the no-overlap player; VAS remarks use randomized ordering and a randomized 5-10s cooldown after completion.","app/src/main/java/org/bigredbutton/firststudy/BigRedButtonStudyActivity.kt: triggerVasSpontaneousRemark/triggerAgeSoftPrivacyRemark; ../audio-assets/localized/manifest.json"
"aud_0763","vas_max_04","de-DE","German localized","questionnaire_vas_spontaneous","vas_spontaneous_max_remark","speech","yes","yes","Pictographic/redness/lost-opportunity VAS behavior when a participant releases or directionally changes a slider into the max bucket.","Randomized bucket-specific VAS remark; never overlaps active study audio or another spontaneous remark; after completion the next VAS-triggered remark is blocked for a random 5-10 seconds; MP3 includes 1s tail silence.","triggerVasSpontaneousRemark(scaleId,value,source); BRB_SPONTANEOUS_REMARK_CUE kind=vas; BRB_SPONTANEOUS_REMARK_COOLDOWN; BRB_SPONTANEOUS_REMARK_NO_OVERLAP","assets/localized/de_de/aud_0763_vas_max_04__de_de.mp3","../audio-assets/localized/de_de/aud_0763_vas_max_04__de_de.mp3","35EC09A05D1D59851EE27C86D9886DA6CDDE4E6300144502747CDE1ED9917CEC","../audio-assets/localized/manifest.json > assets.aud_0763.locales.de-DE","../audio-assets/localized/de_de/aud_0763_vas_max_04__de_de.mp3","35EC09A05D1D59851EE27C86D9886DA6CDDE4E6300144502747CDE1ED9917CEC","German ElevenLabs localization from English source transcript.","4807","4807","","no","neutral_spontaneous_remark_localized; german_awkward_mixed_du_sie_except_validated_questionnaires","","A grand and nearly terminal button amount.","Eine große und beinahe terminale Knopfmenge."," in der große und beinahe Terminale Knopfmenge.","A grand and nearly terminal button amount.","transcripts/de_de/aud_0763_vas_max_04__de_de.script.txt","elevenlabs","IVxgxz5EgbHtWNcgBjOV","eleven_v3","de","mp3_44100_128","generated","2026-06-17T01:24:29+02:00","German localized ElevenLabs v3 speech. Custom narration intentionally mixes du/Sie awkwardly for dry absurdist tone; validated/adapted questionnaire wording preserves measurement meaning before the register joke. Whisper tiny re-transcript stored for audit.","For-AI/german-localization-register-policy.md; ../audio-assets/localized/manifest.json; docs/audio-script-lookup-table.csv"
"aud_0764","vas_max_05","en-US","English generated","questionnaire_vas_spontaneous","vas_spontaneous_max_remark","speech","yes","yes","Pictographic/redness/lost-opportunity VAS behavior when a participant releases or directionally changes a slider into the max bucket.","Randomized bucket-specific VAS remark; never overlaps active study audio or another spontaneous remark; after completion the next VAS-triggered remark is blocked for a random 5-10 seconds; MP3 includes 1s tail silence.","triggerVasSpontaneousRemark(scaleId,value,source); BRB_SPONTANEOUS_REMARK_CUE kind=vas; BRB_SPONTANEOUS_REMARK_COOLDOWN; BRB_SPONTANEOUS_REMARK_NO_OVERLAP","assets/localized/en_us/aud_0764_vas_max_05__en_us.mp3","../audio-assets/localized/en_us/aud_0764_vas_max_05__en_us.mp3","090C5B2BCD55DF822B61B314B445B5EBD27E22DDE9BC47684AE3AE626DBA2DC0","../audio-assets/localized/manifest.json > assets.aud_0764.locales.en-US","../audio-assets/localized/en_us/aud_0764_vas_max_05__en_us.mp3","090C5B2BCD55DF822B61B314B445B5EBD27E22DDE9BC47684AE3AE626DBA2DC0","artifacts/vas-spontaneous-remarks-tts generated ElevenLabs draft and approved script catalog","4153","4153","","no","neutral_spontaneous_remark_localized","","The scale salutes your Big Red Button intensity.","The scale salutes your Big Red Button intensity.","Script-backed transcript stub; replace with Whisper transcript if auditory QA is required.","","../audio-assets/localized/transcripts/en_us/aud_0764_vas_max_05__en_us.script.txt","elevenlabs","IVxgxz5EgbHtWNcgBjOV","eleven_v3","en","mp3_44100_128","generated","2026-06-14T17:28:02.5421046+02:00","Generated with calm voice and 1s tail silence; spontaneous questionnaire remarks are routed through the no-overlap player; VAS remarks use randomized ordering and a randomized 5-10s cooldown after completion.","app/src/main/java/org/bigredbutton/firststudy/BigRedButtonStudyActivity.kt: triggerVasSpontaneousRemark/triggerAgeSoftPrivacyRemark; ../audio-assets/localized/manifest.json"
"aud_0764","vas_max_05","ja-JP","Japanese localized","questionnaire_vas_spontaneous","vas_spontaneous_max_remark","speech","yes","yes","Pictographic/redness/lost-opportunity VAS behavior when a participant releases or directionally changes a slider into the max bucket.","Randomized bucket-specific VAS remark; never overlaps active study audio or another spontaneous remark; after completion the next VAS-triggered remark is blocked for a random 5-10 seconds; MP3 includes 1s tail silence.","triggerVasSpontaneousRemark(scaleId,value,source); BRB_SPONTANEOUS_REMARK_CUE kind=vas; BRB_SPONTANEOUS_REMARK_COOLDOWN; BRB_SPONTANEOUS_REMARK_NO_OVERLAP","assets/localized/ja_jp/aud_0764_vas_max_05__ja_jp.mp3","../audio-assets/localized/ja_jp/aud_0764_vas_max_05__ja_jp.mp3","F9E431F593917AA0FCE674ACA42BE84550C47F06CC7865F21ABC23441109C004","../audio-assets/localized/manifest.json > assets.aud_0764.locales.ja-JP","../audio-assets/localized/ja_jp/aud_0764_vas_max_05__ja_jp.mp3","F9E431F593917AA0FCE674ACA42BE84550C47F06CC7865F21ABC23441109C004","artifacts/vas-spontaneous-remarks-tts generated ElevenLabs draft and approved script catalog","11207","11207","","no","neutral_spontaneous_remark_localized","","The scale salutes your Big Red Button intensity.","尺度が、あなたのビッグ・レッド・ボタン強度に敬礼しています。","Script-backed transcript stub; replace with Whisper transcript if auditory QA is required.","The scale salutes your Big Red Button intensity.","../audio-assets/localized/transcripts/ja_jp/aud_0764_vas_max_05__ja_jp.script.txt","elevenlabs","IVxgxz5EgbHtWNcgBjOV","eleven_v3","ja","mp3_44100_128","generated","2026-06-14T17:28:02.5421046+02:00","Generated with calm voice and 1s tail silence; spontaneous questionnaire remarks are routed through the no-overlap player; VAS remarks use randomized ordering and a randomized 5-10s cooldown after completion.","app/src/main/java/org/bigredbutton/firststudy/BigRedButtonStudyActivity.kt: triggerVasSpontaneousRemark/triggerAgeSoftPrivacyRemark; ../audio-assets/localized/manifest.json"
"aud_0764","vas_max_05","de-DE","German localized","questionnaire_vas_spontaneous","vas_spontaneous_max_remark","speech","yes","yes","Pictographic/redness/lost-opportunity VAS behavior when a participant releases or directionally changes a slider into the max bucket.","Randomized bucket-specific VAS remark; never overlaps active study audio or another spontaneous remark; after completion the next VAS-triggered remark is blocked for a random 5-10 seconds; MP3 includes 1s tail silence.","triggerVasSpontaneousRemark(scaleId,value,source); BRB_SPONTANEOUS_REMARK_CUE kind=vas; BRB_SPONTANEOUS_REMARK_COOLDOWN; BRB_SPONTANEOUS_REMARK_NO_OVERLAP","assets/localized/de_de/aud_0764_vas_max_05__de_de.mp3","../audio-assets/localized/de_de/aud_0764_vas_max_05__de_de.mp3","16D6FB82FDF1C211BB938991566408FD8402C0EA532B132DA0898D9849ADE1C8","../audio-assets/localized/manifest.json > assets.aud_0764.locales.de-DE","../audio-assets/localized/de_de/aud_0764_vas_max_05__de_de.mp3","16D6FB82FDF1C211BB938991566408FD8402C0EA532B132DA0898D9849ADE1C8","German ElevenLabs localization from English source transcript.","5277","5277","","no","neutral_spontaneous_remark_localized; german_awkward_mixed_du_sie_except_validated_questionnaires","","The scale salutes your Big Red Button intensity.","Die Skala salutiert deiner Big-Red-Button-Intensität."," Die Skala salutiert seiner Begrät-Button intensität.","The scale salutes your intensity.","transcripts/de_de/aud_0764_vas_max_05__de_de.script.txt","elevenlabs","IVxgxz5EgbHtWNcgBjOV","eleven_v3","de","mp3_44100_128","generated","2026-06-17T01:24:29+02:00","German localized ElevenLabs v3 speech. Custom narration intentionally mixes du/Sie awkwardly for dry absurdist tone; validated/adapted questionnaire wording preserves measurement meaning before the register joke. Whisper tiny re-transcript stored for audit.","For-AI/german-localization-register-policy.md; ../audio-assets/localized/manifest.json; docs/audio-script-lookup-table.csv"
